stops_name,location
18 Office Park,SJ
ABA,CJ
ACC Simatupang,SJ
ACE Hardware,D
AKR Tower,WJ
ASEAN,SJ
ASMI,NJ
ASMI 2,EJ
ASSA,NJ
AURI Jatibaru,CJ
Acacia Residence,SJ
Adam Malik,SJ
Adam Malik 1,SJ
Ahmad Yani Bea Cukai,EJ
Ahmad Yani Bea Cukai 1,EJ
Ahmad Yani Pisangan Baru,EJ
Akademi Farmasi Mahadhika,EJ
Akper Fatmawati Pondok Labu,SJ
Akses Jembatan Ciliwung Balekambang,EJ
Al Izhar Pondok Labu 2,SJ
Al Khairiyah School,EJ
Al Mahbubiyah,SJ
Al Mukhlisin,NJ
Al Wathoniyah 1,EJ
Al Wathoniyah 2,EJ
Al-Wathoniyah,EJ
Allianz,SJ
Ambassador,SJ
Ampera 1,SJ
Ampera 2,SJ
Ampera 3,SJ
Ampera 4,SJ
Ampera Garden,SJ
Ampera Yos Sudarso,NJ
Ananda Pulo Gadung,EJ
Ancol,NJ
Ancol Pintu 2,NJ
Andara Margasatwa 1,SJ
Andara Margasatwa 2,SJ
Andara Margasatwa 3,SJ
Andara Margasatwa 4,SJ
Aneka Apotek,NJ
Aneka PIK Penggilingan,EJ
Antena II,SJ
Antena III,SJ
Apartemen Kedoya Elok 2,WJ
Apartemen Simprug Teras,SJ
Apotik Emilia Rawamangun,EJ
Apotik Rini Rawamangun,EJ
Ariobimo Sentral,SJ
Arion Mall,EJ
Arsip Nasional RI 1,SJ
Arsip Nasional RI 2,SJ
Asrama Marinir Marunda 1,NJ
Asrama Marinir Marunda 2,NJ
Asshomadiyah Medicare Centre 2,EJ
Astek,ST
Aston Pluit 1,NJ
Aston Pluit 2,NJ
At Thahiriah 1,EJ
At Thahiriah 2,EJ
Atrium,CJ
Atrium 1,CJ
Atrium 2,CJ
Aula Simfonia,NJ
Auto 2000,SJ
Awab Dalam,EJ
Azhari Islamic School 1,SJ
BBPK Jakarta,SJ
BKKBN 1,EJ
BKKBN 2,EJ
BKN,EJ
BKN 1,EJ
BNI Syariah,SJ
BNN Arah Barat,EJ
BNN Arah Timur,EJ
BNN Jakarta Utara,NJ
BNN LRT,EJ
BPHN,EJ
BPJS Kesehatan Sultan Hasanudin,SJ
BPJS Ketenagakerjaan Marunda,NJ
BPPK Jakarta,CJ
BRI Jakarta Kota,WJ
BRI Menteng,CJ
BSI 1,SJ
BSI 2,SJ
BSI Cengkareng,WJ
BTC,B
BTC 2,B
Bacang Lubang Buaya,EJ
Badan Diklat Kejaksaan RI,SJ
Baladewa Residence,EJ
Balai Kartini,SJ
Balai Kota,CJ
Balai Kota 1,CJ
Balai Nikah Kembangan Utara,WJ
Balai Pertamina,SJ
Balai Sudirman,SJ
Balaikota Depok 2,D
Bandar Djakarta Bekasi,B
Bandengan Selatan,WJ
Bangau VI,CJ
Bank BRI Kayu Manis,EJ
Bank Indonesia 1,CJ
Bank Indonesia 2,CJ
Bank Indonesia Arah Selatan,CJ
Bank Indonesia Arah Utara,CJ
Batalyon Kavaleri 1,ST
Batalyon Kavaleri 2,ST
Batan H Kaman,SJ
Baywalk 1,NJ
Baywalk 2,NJ
Bekasi Barat,B
Bendungan Hilir,SJ
Bengkel Jln. Letjen Suprapto,CJ
Benhil 2,CJ
Benhil 3,CJ
Benteng Betawi,T
Bermis,EJ
Bermis 1,NJ
Bermis 2,EJ
Bidara 1,NJ
Bidara 2,NJ
Bidara Cina,EJ
Bidara Cina 1,EJ
Bidara Cina 2,EJ
Billy Moon,EJ
Bimbel Calistung,EJ
Bintaro,SJ
Bintaro Gg. Masjid,SJ
Bintaro Kodam,SJ
Bintaro Park VIew,SJ
Bintaro Xchange,ST
Blok A,CJ
Blok E,CJ
Blok F,CJ
Blok M,SJ
Blok M Jalur 2,SJ
Blok M Jalur 3,SJ
Blok M Jalur 4,SJ
Bluegreen Office,WJ
Bogasari,NJ
Bongkaran Tanah Abang,CJ
Boulevard Bukit Gading Raya,NJ
Boulevard Inspeksi Kali Sunter,NJ
Boulevard Janur Elok Raya 1,NJ
Boulevard Janur Elok Raya 2,NJ
Boulevard Kelapa Cengkir Raya,NJ
Boulevard Kelapa Hybrida Raya 2,NJ
Boulevard Pelepah Raya,NJ
Brimob Pejaten Barat 2,SJ
Buaran,EJ
Buaran Plaza,EJ
Buaran Raya,EJ
Buddha Tzu Chi,NJ
Budhaya Santo Agustinus,EJ
Budi Kemulyaan,CJ
Budi Mulia 1,NJ
Budi Mulia 2,NJ
Budi Utomo,CJ
Budiwarman 2,EJ
Bukit Duri,EJ
Bulak Kapal 1,B
Bulak Kapal 2,B
Bulak Rantai,EJ
Bulak Turi,NJ
Bulak Turi 2,NJ
Bulog,SJ
Bumi Malaka 2,EJ
Bumi Perkemahan Ragunan,SJ
Bumiputera,SJ
Buncit Indah,SJ
Buncit Indah 1,SJ
Buncit Indah 2,SJ
Bunda Hati Kudus Jelambar,WJ
Bundaran Alam Sutera 1,ST
Bundaran Cipinang Kebembem,EJ
Bundaran HI,CJ
Bundaran Senayan,SJ
Bundaran Senayan 1,SJ
Bundaran Senayan 2,CJ
Bundaran Taman Gondangdia 1,CJ
Buperta Cibubur,D
CBD Ciledug,T
CPI Belakang 1,EJ
CPI Belakang 2,EJ
CSW 1,SJ
CSW 2,SJ
Cakung United Tractors,EJ
Carrefour Buaran,EJ
Carrefour Lebak Bulus,SJ
Carrefour Pejaten Barat,SJ
Casablanca,SJ
Cawang Blue Bird,EJ
Cawang Blue Bird 2,EJ
Cawang Ciliwung Arah Barat,EJ
Cawang Ciliwung Arah Timur,EJ
Cawang Otista,EJ
Cawang Soetoyo,EJ
Cawang Soetoyo 1,EJ
Cawang Soetoyo 2,EJ
Cawang UKI,EJ
Cempaka Mas,CJ
Cempaka Putih,CJ
Cempaka Tengah,CJ
Cempaka Timur,CJ
Cempaka Timur 2,CJ
Centro Metro Broadway,NJ
Cervino Village,SJ
Chase Plaza,SJ
Child Care Pre School,SJ
Cibubur Junction,EJ
Cideng Timur,CJ
Cikajang Wolter Monginsidi,SJ
Cikoko Stasiun Cawang Arah Barat,SJ
Cikoko Stasiun Cawang Arah Timur,SJ
Cilandak,SJ
Cilandak Tengah,SJ
Cilandak Town Square,SJ
Cililitan Besar 1,EJ
Cililitan Kecil,EJ
Cipinang,EJ
Cipinang BKT,EJ
Cipinang Baru,EJ
Cipinang Indah,EJ
Cipinang Kb. Nanas 1,EJ
Cipinang Kb. Nanas 2,EJ
Cipinang Kebon Nanas,EJ
Cipinang Lontar,EJ
Cipinang Lontar Rusun Polri,EJ
Cipinang Melayu Kalimalang,EJ
Cipinang Melayu Kalimalang 3,EJ
Cipta Rasuna Said,SJ
Cipulir,SJ
Cipulir 1,SJ
Ciputra,WJ
Cirendeu Permai,SJ
City Walk Sudirman,CJ
Classic Hotel,CJ
Condet Raya,EJ
Curug Kalimalang,EJ
Cut Meutia,CJ
Cyberpark Karawaci,T
D Mall,D
DPP FPI,CJ
DPR MPR 1,CJ
DPR MPR 2,CJ
DPRD DKI Jakarta,CJ
Daarus Saada Duri Kosambi,WJ
Dammara,SJ
Dana Reksa,CJ
Danau Agung,NJ
Danau Agung 1,NJ
Danau Agung 13,NJ
Dapsus 1,SJ
Dapsus 2,SJ
Dapsus 4,SJ
Darmawangsa Square,SJ
Darul Aitam Pondok Pinang,SJ
Departemen Kesehatan,SJ
Departemen Pertanian,SJ
Depo Kontainer Tj. Priok 2,NJ
Dewan Pers,CJ
Dharma Bakti Cijantung,EJ
Dinas Kebersihan Duren Sawit,EJ
Dinas Lingkungan Hidup,EJ
Dinas Olahraga Dan Pemuda,EJ
Dipo Tower,CJ
Direktorat Jenderal Pajak,SJ
Dispenda Samsat Barat,WJ
Dittopad,CJ
Dittopad 2,CJ
Dukuh Atas,SJ
Dukuh Atas 2,SJ
Dukuh Atas 3,SJ
Dukuh Atas 4,CJ
Duren Sawit,EJ
Duren Tiga,SJ
Duren Tiga 1,SJ
Duren Tiga 2,SJ
Duri Kepa,WJ
Dwijaya,SJ
EKS Komplek Gaya Motor,NJ
Embun Pagi Islamic Elementary School,EJ
Embun Pagi Islamic School,EJ
Enggano,NJ
Enggano 1,NJ
Enggano 2,NJ
Epiwalk Epicentrum,SJ
Erha Clinic,NJ
Essence Dharmawangsa,SJ
Exit Tol Veteran Bintaro,SJ
Explorer Tanah Abang,CJ
FX Sudirman,CJ
Farmasi RP Soeroso,CJ
Fatmawati 1,SJ
Fatmawati 2,SJ
Flyover Bintaro,SJ
Flyover HBR Motik 1,NJ
Flyover HBR Motik 2,CJ
Flyover Jatinegara,EJ
Flyover Jatinegara 1,EJ
Flyover Jatinegara 2,EJ
Flyover Jatinegara Atas,EJ
Flyover Kampung Melayu,EJ
Flyover Karet 2,SJ
Flyover Klender,EJ
Flyover Klender 2,EJ
Flyover Ps. Klender 1,EJ
Flyover Ps. Klender 2,EJ
Flyover Pulo Gebang 1,EJ
Flyover Pulo Gebang 2,EJ
Flyover Radin Inten,EJ
Flyover Radin Inten 1,EJ
Flyover Radin Inten 2,EJ
Flyover Raya Bogor,EJ
Flyover Raya Bogor 1,EJ
Flyover Setiabudi,CJ
Flyover Slipi Kemanggisan,WJ
Flyover Tj. Barat,SJ
Food Street,NJ
Formindo Prima Agung,WJ
Fresh Market PIK,NJ
GBI Sungai Yordan,WJ
GBK Pintu 7,CJ
GKJ Tj. Priok,NJ
GOR Ciracas,EJ
GOR Pademangan,NJ
GOR Pondok Bambu,EJ
GOR Popki Cibubur,EJ
GOR Sumantri,SJ
GOR Sumantri 2,SJ
GP Mall 1,B
GP Mall 2,B
GPIB Bukit Moria,SJ
Gading Griya Lestari,NJ
Gading Harmony,NJ
Gading Nirwana,NJ
Gading Orchard,NJ
Gading Serpong 1,ST
Galeri Niaga Mediterania 1,NJ
Galeri Niaga Mediterania 2,NJ
Galur,CJ
Galur 2,CJ
Gama Tower,SJ
Gambir 1,CJ
Gambir 2,CJ
Gambir 3,CJ
Gandaria City,SJ
Garasi Parna Raya,NJ
Gardu Induk Plumpang,NJ
Gardu PLN Gotong Royong,EJ
Garuda Taman Mini,EJ
Garuda Taman Mini 1,EJ
Garuda Taman Mini 2,EJ
Gatot Subroto Jamsostek Arah Barat,SJ
Gatot Subroto Jamsostek Arah Timur,SJ
Gatot Subroto LIPI 1,SJ
Gatot Subroto LIPI Arah Barat,SJ
Gatot Subroto LIPI Arah Timur,SJ
Gebu Minang,SJ
Gedong Panjang,WJ
Gedong Panjang 2,WJ
Gedung ATC,WJ
Gedung Granadi,SJ
Gedung Pertamina,SJ
Gedung Pompa Cideng Siantar,CJ
Gedung Pramuka,NJ
Gedung Senam,EJ
Gedung Wanita,CJ
Gelanggang Remaja,EJ
Gelanggang Remaja Ciracas,EJ
Gelanggang Remaja Pasar Minggu,SJ
Gelanggang TB Simatupang,SJ
Gelora Bung Karno,CJ
Gelora Bung Karno 1,SJ
Gelora Bung Karno 2,CJ
Gempol,EJ
Gempol Baru 1,EJ
Gempol Baru 2,EJ
Gerbang Tol Bambu Apus 2,EJ
Gerbang Tol Brigif,D
Gerbang Tol Joglo 1,WJ
Gerbang Tol Meruya Selatan 1,WJ
Gerbang Tol Pondok Gede,B
Gerbang Tol Tj. Duren,WJ
Gerbang Tol Veteran,SJ
Gereja HKBP Duren Sawit,EJ
Gereja Jemaat Kiwi,EJ
Gereja Katholik Salib Suci,NJ
Gereja Oikumene,EJ
Gereja Protestan Tugu,NJ
Gereja Santa Anna 1,EJ
Gereja Santa Anna 2,EJ
Gereja Tiberias Kelapa Gading,NJ
Gg. Ahmad Squadron,EJ
Gg. Aim 1,EJ
Gg. Aim 2,EJ
Gg. Al Mawaddah Tengah,EJ
Gg. Ali,EJ
Gg. Ampera BMW Astra,SJ
Gg. Arba Johar Baru,CJ
Gg. Ayama,EJ
Gg. Balai Rakyat Balekambang,EJ
Gg. Bambu Sukapura,NJ
Gg. Barokah Lingkar Timur,EJ
Gg. Barokah Marunda,NJ
Gg. Baru,EJ
Gg. Berdikari,SJ
Gg. Beringin,D
Gg. Beringin V RS Soekanto,EJ
Gg. Bhakti Lingkar Timur,EJ
Gg. Bidan Baru,EJ
Gg. Borobudur Ragunan,SJ
Gg. Bulak I Rorotan,NJ
Gg. Burung Dalam,WJ
Gg. CC Palmerah,WJ
Gg. Cengkeh Lubang Buaya,EJ
Gg. Damai,EJ
Gg. Damai I Rorotan,NJ
Gg. Damai Lingkar Timur,EJ
Gg. Damai Tanah Merah,NJ
Gg. Durian,SJ
Gg. Elang II Kebantenan,NJ
Gg. Elektro,NJ
Gg. Gading II Pisangan Timur,EJ
Gg. H Piran,EJ
Gg. H Satiri Manshur,WJ
Gg. H Sayuti I,EJ
Gg. H. Abdul Rohim Marunda,NJ
Gg. H. Abdullah Marunda,NJ
Gg. H. Ahmad Nado,SJ
Gg. H. Ali,SJ
Gg. H. Bunen 2,EJ
Gg. H. Doel Bojong Raya,WJ
Gg. H. Ganan,SJ
Gg. H. Kamil,EJ
Gg. H. Mesir,SJ
Gg. H. Mujeni Cililitan,EJ
Gg. H. Sanusi I Ulujami,SJ
Gg. H. Seman Susukan,EJ
Gg. H. Tohir,SJ
Gg. H. Yahya Balekambang,EJ
Gg. H. Yusuf Jati Pdang,SJ
Gg. Harapan I Jagakarsa,SJ
Gg. Iman Utara Cibubur,EJ
Gg. Kancil I Lenteng Agung,SJ
Gg. Kancil Marunda,NJ
Gg. Kelor,EJ
Gg. Kelor 2,EJ
Gg. Koperasi Ciracas,EJ
Gg. Kumis,EJ
Gg. Kunir II,WJ
Gg. L Utan Panjang Timur,CJ
Gg. Langga,EJ
Gg. Mantap Cibubur,EJ
Gg. Marang,WJ
Gg. Marlina,NJ
Gg. Mawar,EJ
Gg. Mawar Kb. Jeruk,WJ
Gg. Molen,EJ
Gg. Mulia Manggarai Selatan,SJ
Gg. Mundu II Tengah,EJ
Gg. Musholla Ragunan,SJ
Gg. Nangka Halim,EJ
Gg. Oxport Kebantenan VII,NJ
Gg. Oyot,EJ
Gg. P Pertamina Marunda,NJ
Gg. Padi Pelita Cipinang,EJ
Gg. Petamburan I KS Tubun,CJ
Gg. Pos Komodor Halim,EJ
Gg. Puskesmas Kebagusan Raya,SJ
Gg. Randu,EJ
Gg. Rorotan 8,EJ
Gg. Rukun Lingkar Timur,EJ
Gg. Rukun Lubang Buaya,EJ
Gg. Sabar 2 Lingkar Timur,EJ
Gg. Sadar Vb,EJ
Gg. Saminten,D
Gg. Samudera Casa Goya,WJ
Gg. Sawo 1,EJ
Gg. Sawo 2,EJ
Gg. Sawo Jagakarsa,SJ
Gg. Sawo Joglo,WJ
Gg. Service,EJ
Gg. Siluman Cililitan Besar,EJ
Gg. Souw Beng Kong,CJ
Gg. Subuh,EJ
Gg. Suka Damai,EJ
Gg. Suzuki,EJ
Gg. Swadaya 2 G,NJ
Gg. Tamansari Ragunan,SJ
Gg. Timbul Jaya Daan Mogot,WJ
Gg. Trijaya IV Tebet Timur,SJ
Gg. Umbang Lingkar Timur,EJ
Gg. VIII Muara Baru,NJ
Gg. Waru,EJ
Giant Pondok Gede 1,B
Giant Rawamangun,EJ
Global SeVilla Pulo Mas,EJ
Glodok,WJ
Gojek Kemang Timur,SJ
Gold Coast,NJ
Golden Fatmawati,SJ
Gongseng,EJ
Gracious,WJ
Graha Dirgantara,EJ
Graha Jasindo,CJ
Graha Kemenpora,CJ
Graha Kirana,NJ
Graha Mandiri,CJ
Graha Nusantara,SJ
Graha Sindu Bpk Penabur,CJ
Graha Werdatama Pondok Labu,SJ
Gramedia Harapan Indah,B
Grand Cempaka Hotel,CJ
Grand Centro Bintaro,SJ
Grand Dhika City,B
Grand Pasar Minggu,SJ
Grand Sahid,CJ
Grand Wijaya Dharmawangsa,SJ
Green Lake City,WJ
Green Permata,SJ
Green Terrace,EJ
Green Terrace 2,EJ
Greenlife Ciracas,EJ
Grha Intirub,EJ
Grha Muncul Mekar,WJ
Grii Kelapa Gading,NJ
Griya Ardhya Garini 2,EJ
Griya Galaxy 126,EJ
Griya Kukila Halim Perdanakusuma,EJ
Grogol 1,WJ
Grogol 2 Arah Selatan,WJ
Grogol 2 Arah Utara,WJ
Groserindo,B
Gudang Minimarket 1,NJ
Gunawarman 2,SJ
Gunung Agung,CJ
Gunung Sahari Mangga Dua,NJ
Gunung Sahari Mangga Dua Barat,NJ
Gunung Sahari Mangga Dua Timur,NJ
H Soleh I Sukabumi Selatan,WJ
H. Alwi,SJ
H. Moh Nail,D
H. Naman Noer Ali,EJ
H. Nawi Jln. Madrasah,SJ
H. Nawi Jln. Timbul,SJ
H. Samali,SJ
HKBP Rawamangun,EJ
Halim PK,EJ
Halimun,SJ
Halimun 1,SJ
Harapan Indah Boulevard,B
Haris Hotel Kelapa Gading,NJ
Harmoni Arah Selatan,CJ
Harmoni Arah Utara,CJ
Hero Basuki Rahmat,EJ
Honda Letjen Suprapto,CJ
Hotel Kalisma KS Tubun,CJ
Hotel Mega Anggrek,WJ
Hotel Melawai,SJ
Hotel Mulia,CJ
Hotel Olive 1,T
Hotel Olive 2,T
Hutan Kota Srengseng,WJ
IBI-K 57,SJ
IGI,EJ
IRTI,CJ
ITC Cipulir,SJ
ITC Fatmawati,SJ
ITC Roxy,CJ
Ibik 57,SJ
Icon Residence,WJ
Imigrasi,SJ
Imigrasi Jakarta Timur,EJ
Imigrasi Jaktim 1,EJ
Imigrasi Jaktim 2,EJ
Imigrasi Kelas I Jaksel,SJ
Imperium,SJ
Indosiar,WJ
Institut Kesehatan Indonesia,NJ
Institut Teknologi Budi Utomo,EJ
Institut Teknologi Budi Utomo 1,EJ
Ir H Djuanda,D
Iskandar Muda,SJ
Islamic,T
Istiqlal,CJ
Istiqlal 1,CJ
JGC Indonesia,SJ
JIS,NJ
JORR,SJ
JPO Blok E,CJ
JPO Blok G,CJ
JPO Mandiri,CJ
JPO Timur Pondok Indah 1,SJ
Jagakarsa St. Lenteng Agung,SJ
Jagal 1,EJ
Jagal 2,EJ
Jaha,SJ
Jak Lingko Tanah Abang,CJ
Jak Lingko Tanah Abang 2,CJ
Jakarta Islamic Centre 2,NJ
Jakarta Islamic Hospital,EJ
Jamsostek Gatot Subroto,SJ
Janur Kuning Residence,NJ
Jasa Marga Cililitan 2,EJ
Jati Padang,SJ
Jati Padang 1,SJ
Jati Padang 2,SJ
Jatibening 1,B
Jatinegara Kaum Raya Bekasi,EJ
Jatinegara RS Premier,EJ
Jatinegara RS Primier 1,EJ
Jatinegara Timur,EJ
Jatipadang Raya,SJ
Jelambar,WJ
Jembatan BKT Pendidikan Raya 1,EJ
Jembatan Baru,WJ
Jembatan Besi,WJ
Jembatan Dua,WJ
Jembatan Gantung,WJ
Jembatan Item,NJ
Jembatan Kapuk Kamal PIS1,NJ
Jembatan Kayu Putih Selatan,EJ
Jembatan Kota Intan,WJ
Jembatan Merah,CJ
Jembatan Merah 1,SJ
Jembatan Muara Bahari,NJ
Jembatan Pantai Indah Utara 1,NJ
Jembatan Perempatan Cempaka Putih Timur,CJ
Jembatan Pesakih Semanan,WJ
Jembatan Pintu Satu,EJ
Jembatan Sapi Cilincing Bakti,NJ
Jembatan Serong,CJ
Jembatan St. Jayakarta,CJ
Jembatan Sungai Landak 1,NJ
Jembatan Taman Kota,WJ
Jembatan Tiga 2,NJ
Jembatan Tiga Arah Utara,NJ
Jiep 2,EJ
Jl. Marunda Makmur I,NJ
Jln. A Lagoa,NJ
Jln. AMD Manunggal V,SJ
Jln. Abdul Majid Raya,SJ
Jln. Acin Gaton,EJ
Jln. Adam Sukabumi Utara,WJ
Jln. Adiaksa II,SJ
Jln. Adil,EJ
Jln. Al Baidho 1,EJ
Jln. Al Falah Duri Kosambi,WJ
Jln. Al Hidayah Balekambang,EJ
Jln. Al Hidayah Basmol,WJ
Jln. Al Islamiyah Grogol Selatan,SJ
Jln. Alhidayah III,EJ
Jln. Ampera VI Gunung Sahari,NJ
Jln. Ancol Barat 1,NJ
Jln. Ancol Barat 6,NJ
Jln. Andara Raya,D
Jln. Aneka Elok 2,EJ
Jln. Anggrek Cililitan,EJ
Jln. Anggrek Jagakarsa,SJ
Jln. Anggrek Petukangan,SJ
Jln. Anggrek Raya,EJ
Jln. Anggrek Srengseng,WJ
Jln. Angkasa 1,CJ
Jln. Angkasa Bundaran Kemayoran,CJ
Jln. Angsana Kemanggisan,WJ
Jln. Ar Ridho,EJ
Jln. Arus Jati,EJ
Jln. Aselih,SJ
Jln. Asmin 2,EJ
Jln. Asshofa Raya,WJ
Jln. B,NJ
Jln. B Basmol Raya,WJ
Jln. B Karang Anyar,CJ
Jln. B Lagoa Terusan 2,NJ
Jln. BB Utara,NJ
Jln. Bacang Lubang Buaya,EJ
Jln. Bahari Raya 1,NJ
Jln. Bahari Raya 2,NJ
Jln. Bakti,B
Jln. Balai Kimia,EJ
Jln. Bambu Hubuny,EJ
Jln. Bambu Kuning,EJ
Jln. Bandengan Utara 1,WJ
Jln. Bangka I,SJ
Jln. Banjarsari II,SJ
Jln. Barito II,SJ
Jln. Barkah III Manggarai Selatan,SJ
Jln. Baros,SJ
Jln. Baru Tanah Merdeka,EJ
Jln. Batang Hari Cideng Barat,CJ
Jln. Batas II Baru,EJ
Jln. Batu Permata V,EJ
Jln. Batu Tulis II,EJ
Jln. Batu Tumbuh,EJ
Jln. Batu Tumbuh I,NJ
Jln. Bawal Raya Paus,EJ
Jln. Bekasi Timur I Jatinegara,EJ
Jln. Bekasi Timur VI,EJ
Jln. Belanak II Rawamangun,EJ
Jln. Belanak III Rawamangun,EJ
Jln. Belimbing Terusan,NJ
Jln. Bendi Baru,SJ
Jln. Bendungan Jatiluhur IV,CJ
Jln. Bendungan Melayu,NJ
Jln. Berlian II Pondok Labu,SJ
Jln. Bima Kemanggisan,WJ
Jln. Bina Harapan,SJ
Jln. Bisma Raya 1,NJ
Jln. Bisma Raya 2,NJ
Jln. Bojong Raya,WJ
Jln. Bougenvil Indah,B
Jln. Buah Cijantung,EJ
Jln. Buaran III,EJ
Jln. Budi Mulia Utara,NJ
Jln. Budi Murni Raya Cilangkap,EJ
Jln. Bujana Tirta Raya 2,EJ
Jln. Bulak Barat V Klender,EJ
Jln. Bumi Pratama III,EJ
Jln. Bunga Cempaka II Cipete,SJ
Jln. Bungur,SJ
Jln. Bungur Akses Term. 2,EJ
Jln. Bungur Besar VI,CJ
Jln. Bungur II Rambutan,EJ
Jln. Bungur IV Rambutan,EJ
Jln. Bungur VIII Rambutan,EJ
Jln. Busika Raya Ciracas,EJ
Jln. Cakrawala,EJ
Jln. Cakrawijaya II,EJ
Jln. Cek Do Abdul Rahman,EJ
Jln. Cempaka Putih Tengah XVI,CJ
Jln. Cempaka Putih Tengah XXVII,CJ
Jln. Cempedak Pesanggrahan,SJ
Jln. Cibubur I,EJ
Jln. Cideng Timur I,CJ
Jln. Cilandak V,SJ
Jln. Cilincing Baru Raya,NJ
Jln. Cilincing Raya 1,NJ
Jln. Cinere Raya,D
Jln. Cinere Raya 2,D
Jln. Cipinang Bali III,EJ
Jln. Cipinang Jaya Raya,EJ
Jln. Cipinang Muara III,EJ
Jln. Cipinang Tengah,EJ
Jln. Cipinang Timur Persahabatan,EJ
Jln. Cipulir 1,SJ
Jln. Ciujung Cideng Barat,CJ
Jln. Cupang,SJ
Jln. Dadap,NJ
Jln. Dahlia 10,EJ
Jln. Dahlia KDW,EJ
Jln. Damai PBSI Cilangkap,EJ
Jln. Danau Agung 2,NJ
Jln. Danau Indah Timur,NJ
Jln. Danau Sunter Barat 1,NJ
Jln. Danau Sunter Barat 2,NJ
Jln. Daud I Sukabumi Utara,WJ
Jln. Delima Raya,WJ
Jln. Delima Raya 2,EJ
Jln. Dermaga Raya,EJ
Jln. Dewa Ruci,NJ
Jln. Dewi Sinta,NJ
Jln. Duku Raya,SJ
Jln. Dukuh II,EJ
Jln. Dul Djaim Cipedak,SJ
Jln. Duren Sawit Dermaga,EJ
Jln. Duri Tol,WJ
Jln. Duri Tss Raya,WJ
Jln. EE Sukabumi Selatan,WJ
Jln. Elpa Putih II,NJ
Jln. Flamboyan Berdikari,NJ
Jln. Gabus Raya,SJ
Jln. Gading Ayu I,NJ
Jln. Gading Batavia,NJ
Jln. Gading Mas Barat IV,NJ
Jln. Gading Putih Raya,NJ
Jln. Gading Raya,NJ
Jln. Gading Sengon Raya,NJ
Jln. Gading Sengon Raya 2,NJ
Jln. Galur Sari Barat 2,EJ
Jln. Galur Sari X 2,EJ
Jln. Gambas Kodam Bintaro,SJ
Jln. Gempol Raya,EJ
Jln. Giri Kencana Raya Cilangkap,EJ
Jln. Gorda,EJ
Jln. Gorontalo II,NJ
Jln. Gotong Royong Cipinang Muara,EJ
Jln. Grafika,SJ
Jln. Gunung Galunggung 1,WJ
Jln. Guru Saleh,SJ
Jln. H Briti B,WJ
Jln. H Emuntipala I,EJ
Jln. H Mahid,EJ
Jln. H. Abdullah,WJ
Jln. H. Ahmad,SJ
Jln. H. Ali Solihin Cibubur,EJ
Jln. H. Aman,EJ
Jln. H. Gari,SJ
Jln. H. Hamid Semanan,WJ
Jln. H. Jimin Petukangan,SJ
Jln. H. Jusin Susukan,EJ
Jln. H. Kincan Rawa Buaya,WJ
Jln. H. Komeng Duri Kosambi,WJ
Jln. H. Mawar Sunter,NJ
Jln. H. Muslim,SJ
Jln. H. Nasir Srengseng,WJ
Jln. H. Oyar,NJ
Jln. H. Raijin,EJ
Jln. H. Rohimin Swadarma,SJ
Jln. H. Saidi,SJ
Jln. H. Selong Duri Kosambi,WJ
Jln. H. Sholeh I,WJ
Jln. H. Tamin S,NJ
Jln. H. Terin Pangkalan Jati,D
Jln. H. Yahya,EJ
Jln. H. Zakaria,SJ
Jln. Hadiah Utama II,WJ
Jln. Harun II Sukabumi Utara,WJ
Jln. Hidup Baru,NJ
Jln. I Gusti Ngurah Rai 1,EJ
Jln. I Gusti Ngurah Rai 2,EJ
Jln. IKPN Bintaro,SJ
Jln. Ikan Hias Batu Ampar,EJ
Jln. Indraloka Gg. VIII,WJ
Jln. Industri 1,T
Jln. Industri 2,T
Jln. Industri I,CJ
Jln. Industri III,CJ
Jln. Industri Tj. Priok,NJ
Jln. Inspeksi Kali Pesanggrahan Barat,WJ
Jln. Inspeksi Kalimalang Lampiri,EJ
Jln. Inspeksi Pam,EJ
Jln. Irigasi THB,B
Jln. Janur Indah XI,NJ
Jln. Jatinegara Timur II,EJ
Jln. Jatinegara Timur III,EJ
Jln. Jatinegara Timur IV,EJ
Jln. Jatipadang Poncol,SJ
Jln. Jelambar Barat IIIB,WJ
Jln. Jelambar Utama Sakti VIII,WJ
Jln. Jembatan I Balekambang,EJ
Jln. Jeruk Garut,WJ
Jln. Jeruk Manis,WJ
Jln. Jiban I Grogol Selatan,SJ
Jln. Johar Baru 1,CJ
Jln. KH A Wahab I,WJ
Jln. KH Djunaidi Palmerah,WJ
Jln. KH Hasim,WJ
Jln. KRI Harimau,SJ
Jln. KS Tubun II,WJ
Jln. Kaimun Jaya,SJ
Jln. Kaja II KDW,EJ
Jln. Kaliabang Rorotan,NJ
Jln. Kampung Baru,WJ
Jln. Kampung Baru V Swadarma,SJ
Jln. Kampung Batu Tumbuh,NJ
Jln. Kampung Utan Cilandak KKO,SJ
Jln. Kapuas Cideng Barat,CJ
Jln. Kapuk 2,EJ
Jln. Karang Tengah Raya,SJ
Jln. Karet Pasar Baru Barat I,CJ
Jln. Karet Pasar Baru Barat IV,CJ
Jln. Karet Pasar Baru Barat VII,CJ
Jln. Karet Pasar Baru Timur 5,CJ
Jln. Karet Pasar Baru Timur II,CJ
Jln. Kartika Meruya Selatan,WJ
Jln. Karya Utama,WJ
Jln. Kavling PGRI,B
Jln. Kayu Besar Dalam,WJ
Jln. Kayu Putih Selatan III,EJ
Jln. Kayu Tinggi,EJ
Jln. Kb. Bawang XIII,NJ
Jln. Kb. Kacang VIII,CJ
Jln. Kb. Kacang X,CJ
Jln. Kb. Nanas,SJ
Jln. Kb. Nanas Selatan II,EJ
Jln. Kb. Nanas V Permata Hijau,SJ
Jln. Kb. Pala II,EJ
Jln. Kedoya Raya,WJ
Jln. Kejaksaan Pondok Bambu,EJ
Jln. Kel. Raya,EJ
Jln. Kelapa Gading III Cililitan Besar,EJ
Jln. Kelapa Hybrida 10,NJ
Jln. Kelapa Hybrida IV,NJ
Jln. Kelapa Nias IV,NJ
Jln. Kelapa Puyuh I,NJ
Jln. Kemandoran III Grogol Utara,SJ
Jln. Kemandoran VI Grogol Utara,SJ
Jln. Kemandoran VII Grogol Utara,SJ
Jln. Kemang 1,SJ
Jln. Kemanggisan Utama VII,WJ
Jln. Kemuning 1,EJ
Jln. Kemuning Raya 1,EJ
Jln. Kenanga,SJ
Jln. Kencana Timur,WJ
Jln. Kesadaran Kali Malang,EJ
Jln. Kesadaran Pool Bus 1,NJ
Jln. Kesadaran Pool Bus 2,NJ
Jln. Kesehatan IV Cideng Timur,CJ
Jln. Klp. Hijau,EJ
Jln. Komarudin Timur Lingkar Timur,EJ
Jln. Komplek Cakrawala,NJ
Jln. Komplek Migas V Palmerah,WJ
Jln. Komplek Yuka,NJ
Jln. Kota Bambu Raya,WJ
Jln. Kota Bambu Selatan IV,WJ
Jln. Kramat I Rawabinong,EJ
Jln. Kramat IV Rawabinong,EJ
Jln. Kramat Jaya,NJ
Jln. Kramat Jaya Raya,NJ
Jln. Kramat Lubang Buaya,EJ
Jln. Kramat Sentiong 1,CJ
Jln. Kunang Kunang 1,B
Jln. Kunang Kunang 2,B
Jln. Kuning Tua,NJ
Jln. Kwitang Timur,CJ
Jln. Lagoa Kanal,NJ
Jln. Langgar,WJ
Jln. Lapangan Merah,WJ
Jln. Lapangan Ros II Bukit Duri,SJ
Jln. Lapangan Ros III Bukit Duri,SJ
Jln. Lapangan Tenis Srengseng,WJ
Jln. Lebak Bulus Raya,SJ
Jln. Lembah Palem Pondok Kelapa,EJ
Jln. Limo Grogol Utara,SJ
Jln. Limo Jatinegara Timur,EJ
Jln. Lingkar Islamic Centre,NJ
Jln. Lorong 104 Timur 2,NJ
Jln. Lorong 19,NJ
Jln. Lorong 22,NJ
Jln. Lorong 4,NJ
Jln. Lorong 5,NJ
Jln. Lotus Indah,NJ
Jln. Madrasah Al Husna,SJ
Jln. Madrasah I Bojong Raya,WJ
Jln. Madrasah II Sukabumi Selatan,WJ
Jln. Makmur,EJ
Jln. Malaka III,EJ
Jln. Malaka Raya 3,EJ
Jln. Mandala Selatan II,WJ
Jln. Mandiri Tengah,NJ
Jln. Mangga,SJ
Jln. Mangga Besar 13,CJ
Jln. Mangga Besar 13 Raya,CJ
Jln. Mangga Cibubur,EJ
Jln. Mangga Dua I Selatan,WJ
Jln. Manggis Pangeran Jayakarta,WJ
Jln. Manunggal Bakti Kalisari,EJ
Jln. Manunggal II Petukangan,SJ
Jln. Marabahan Cideng,CJ
Jln. Marunda Baru,NJ
Jln. Masjid Al Ihsan,EJ
Jln. Masjid Al Ikhlas,EJ
Jln. Masjid Al Wustho,EJ
Jln. Masjid Jatinegara,EJ
Jln. Masjid Soeprapto,EJ
Jln. Mastrip,EJ
Jln. Mawar Kav DKI,WJ
Jln. Melati,EJ
Jln. Melati Bhakti,EJ
Jln. Melati Senen,CJ
Jln. Melati Tugu V,NJ
Jln. Melur Tugu,NJ
Jln. Menceng Raya,WJ
Jln. Menceng Raya 1,WJ
Jln. Mengkudu Dalam,NJ
Jln. Menteng,NJ
Jln. Menteng Atas Raya,SJ
Jln. Menteng Pulo II,SJ
Jln. Mesjid Al Mabruk,EJ
Jln. Metro Duta 1,SJ
Jln. Minyak Raya,SJ
Jln. Mokmer 1,CJ
Jln. Muara 1,SJ
Jln. Mujair Raya,SJ
Jln. Muncang,NJ
Jln. Munggang,EJ
Jln. Musyawarah Panjang Arteri,WJ
Jln. Mutiara Benhil,CJ
Jln. Nagrak Marunda,NJ
Jln. Nanggala Dewa Kembar,NJ
Jln. Nangka,EJ
Jln. Nangka 1,SJ
Jln. Nusa Indah II,EJ
Jln. Nusa Indah IV,EJ
Jln. Nusa Indah V,EJ
Jln. Nusa Indah VI,EJ
Jln. Nusa Indah VII,EJ
Jln. Olahraga 1 Raya Bogor,EJ
Jln. Olahraga I Raya Condet,EJ
Jln. Otista III Komplek IV,EJ
Jln. Otista III Selatan,EJ
Jln. Otista III Utara,EJ
Jln. Pahlawan,ST
Jln. Pahlawan Sukabumi Selatan,WJ
Jln. Pakarena,NJ
Jln. Pakubuwono VI,SJ
Jln. Palatehan,SJ
Jln. Palatehan II,SJ
Jln. Palem Jepang Baru,T
Jln. Palmerah Barat IV,WJ
Jln. Palmerah Utara II,WJ
Jln. Pam Baru,CJ
Jln. Pam Lama I,CJ
Jln. Panca Warga IV,EJ
Jln. Pancoran Indah 1,SJ
Jln. Pancoran Timur III,SJ
Jln. Pangeran Antasari III,SJ
Jln. Pangeran Jayakarta,CJ
Jln. Pangkalan Jati VI A,EJ
Jln. Panjang,SJ
Jln. Panti Asuhan,EJ
Jln. Pasopati Dewa Kembar,NJ
Jln. Pegangsaan Dua 10,NJ
Jln. Pegangsaan Dua 7,NJ
Jln. Pegangsaan Dua 9,NJ
Jln. Pelepah Elok I,NJ
Jln. Pelepah Elok VIII,NJ
Jln. Pemadam Kebakaran Cacing,NJ
Jln. Pemancingan Srengseng,WJ
Jln. Penataran,CJ
Jln. Pendidikan Jatinegara Kaum,EJ
Jln. Penggilingan Baru I,EJ
Jln. Pepaya Raya,SJ
Jln. Pepaya V Jagakarsa,SJ
Jln. Percetakan Susukan,EJ
Jln. Perdagangan Bintaro,SJ
Jln. Perjuangan Raya 2,NJ
Jln. Perjuangan Raya 3,NJ
Jln. Permata Indah 8,B
Jln. Permata Meruya,WJ
Jln. Pertanian II,SJ
Jln. Pertanian III,SJ
Jln. Pesanggrahan,ST
Jln. Petak Baru,WJ
Jln. Petamburan IIb,WJ
Jln. Petojo Barat V,CJ
Jln. Pinang 1,NJ
Jln. Pinang 2,NJ
Jln. Pinang II Pondok Labu,SJ
Jln. Pinang IIIb,SJ
Jln. Pinang Raya,SJ
Jln. Pinang VI Pondok Labu,SJ
Jln. Pintu Air II Pasar Baru,CJ
Jln. Pisangan Baru Tengah 1,EJ
Jln. Pisangan Baru Utara 1,EJ
Jln. Pisangan Lama I,EJ
Jln. Plk II Cililitan Besar,EJ
Jln. Poncol Jaya 1,SJ
Jln. Poncol Jaya 2,SJ
Jln. Pondok Labu 1A,SJ
Jln. Pontian Halim,EJ
Jln. Pramuka 1,EJ
Jln. Prapanca Raya,SJ
Jln. Pratama I Rorotan,NJ
Jln. Prima,WJ
Jln. Primanota,NJ
Jln. Pucung 1 Munggang,EJ
Jln. Pucung 2 Munggang,EJ
Jln. Pulau Sangiyang Lingkar Timur,EJ
Jln. Pule Ciracas,EJ
Jln. Pule I Cijantung,EJ
Jln. Pulo Gundul,CJ
Jln. Pulo Gundul 1,CJ
Jln. Pulo Gundul 2,CJ
Jln. Pulo Mas Barat VI,EJ
Jln. Puma Bundaran Kemayoran,CJ
Jln. Pura Agung Taman Sari,EJ
Jln. Puri Lingkar Dalam,WJ
Jln. R. E. Martadinata,NJ
Jln. Radjiman 1,EJ
Jln. Radjiman 2,EJ
Jln. Rama IX,EJ
Jln. Rasamala,EJ
Jln. Rawa Indah 1,NJ
Jln. Rawa Segaran,EJ
Jln. Rawamangun Muka Timur,EJ
Jln. Rawamangun Selatan 2,EJ
Jln. Raya Inpres,EJ
Jln. Raya Jagakarsa,SJ
Jln. Raya Lenteng Agung,SJ
Jln. Rorotan IX Gg. IV,EJ
Jln. Rorotan V Gg. 1,NJ
Jln. Rorotan XI,NJ
Jln. Rukem Jaya 2,EJ
Jln. SMAN 63,SJ
Jln. SMAN 64,EJ
Jln. SMAN 99,EJ
Jln. SMP 171,EJ
Jln. SMP 175,SJ
Jln. SMPN 147,EJ
Jln. SPG 7,EJ
Jln. Sabar 1 Petukangan,SJ
Jln. Sahabat Kamal,WJ
Jln. Salam IV,WJ
Jln. Sambu Halim,EJ
Jln. Sandratex 1,ST
Jln. Sandratex 2,ST
Jln. Satria,EJ
Jln. Sawo III,SJ
Jln. Sentosa Tambun Rengas,EJ
Jln. Sepakat,EJ
Jln. Serdang,EJ
Jln. Seroja Cengkareng Barat,WJ
Jln. Siman Noar,EJ
Jln. Simprug Golf 2,SJ
Jln. Sindang Terusan,NJ
Jln. Sitrun,WJ
Jln. Srengseng Dalam Lap Bola,WJ
Jln. Srengseng Raya 3,WJ
Jln. Suci Raya Bogor,EJ
Jln. Sukabumi Selatan,WJ
Jln. Sukamulya III Harapan Mulya,CJ
Jln. Sumanggung 3,NJ
Jln. Summagung II Barat,NJ
Jln. Summagung II Timur,NJ
Jln. Sungai Barito Sembar,NJ
Jln. Sungai Sambas VI,SJ
Jln. Sunter Jaya VI,NJ
Jln. Sunter Permai 1,NJ
Jln. Sunter Permai 2,NJ
Jln. Supriyadi,T
Jln. Swadarma Raya,SJ
Jln. Swadarma Utara VI,SJ
Jln. Swadaya I,EJ
Jln. Swadaya Pln,EJ
Jln. Swadaya Raya,EJ
Jln. Swadaya Raya Jelambar,WJ
Jln. Swakarsa III Pondok Kelapa,EJ
Jln. Swakarsa IV Pondok Kelapa,EJ
Jln. Swasembada Barat II,NJ
Jln. Swasembada Barat III,NJ
Jln. Swasembada Barat V,NJ
Jln. Swasembada Barat VIII,NJ
Jln. Swasembada Timur 5,NJ
Jln. Tali Kota Bambu Selatan,WJ
Jln. Taman Alfa Indah,WJ
Jln. Taman Jatibaru Timur,CJ
Jln. Taman Kb. Sirih,CJ
Jln. Taman Kemang,SJ
Jln. Taman Sari I,WJ
Jln. Taman Surya I,WJ
Jln. Tanah Abang II,CJ
Jln. Tanah Abang IV Cideng,CJ
Jln. Tanah Sereal X,WJ
Jln. Tanah Tinggi III,CJ
Jln. Tanah Tinggi IV,CJ
Jln. Tanjakan AURI,EJ
Jln. Tari Klasik,NJ
Jln. Tebet Barat Raya,SJ
Jln. Tebet Timur Dalam III,SJ
Jln. Tebet Timur Dalam VIII J,SJ
Jln. Tegal Amba Rt03,EJ
Jln. Telepon Kota,WJ
Jln. Teluk Mandar 1,EJ
Jln. Teluk Mandar 2,EJ
Jln. Tenggiri Raya,NJ
Jln. Tenggiri Tj. Priok,NJ
Jln. Tiang Bendera III,WJ
Jln. Timah Harapan Mulya,CJ
Jln. Timbul III,SJ
Jln. Tiong,SJ
Jln. Tj. Duren Utara V,WJ
Jln. Tomang Tinggi Gg. 1,WJ
Jln. Tpa II,EJ
Jln. Trikora,EJ
Jln. Tubagus Baddarudin,EJ
Jln. Tugu Indah,NJ
Jln. Ultra Violet,NJ
Jln. Veteran 1,SJ
Jln. Veteran 2,SJ
Jln. Villa Ampera,SJ
Jln. WW Sukabumi Selatan,WJ
Jln. Warakas I Gg. 5,NJ
Jln. Warakas I Gg. 5B,NJ
Jln. Warakas I Gg. 8,NJ
Jln. Warakas II,NJ
Jln. Warakas V,NJ
Jln. Wisma Semar,SJ
Jln. Wr Supratman,ST
Jln.Tebet Barat V,SJ
Joglo,WJ
Juanda,CJ
Juanda Istiqlal,CJ
Juraganan,SJ
KBN Marunda 1,NJ
KBN Marunda 2,NJ
KKDM,EJ
KPAD Joglo,WJ
KPK,SJ
KPP Pratama Cakung 2,EJ
KPP Pratama Cilandak,SJ
KPP Pratama Jakarta Pluit,NJ
KPP Pratama Pasar Rebo,EJ
KPP Pratama Tambora,WJ
KPP Pratama Tanah Abang Satu,CJ
KPU,CJ
KUA Kramat Jati,EJ
KUA Pasar Minggu,SJ
Kali Besar Barat,WJ
Kali Besar Barat 1,WJ
Kalibata City 1,SJ
Kalibata City 2,SJ
Kalideres,WJ
Kalideres 1,WJ
Kampung Budaya Betawi Sukapura,NJ
Kampung Irian Gg. IV,CJ
Kampung Jembatan Ngurah Rai,EJ
Kampung Melayu Besar 2,SJ
Kampung Melayu Kecil,SJ
Kampung Padaengan 1,EJ
Kampung Padaengan 2,EJ
Kampung Rambutan,EJ
Kampung Sumur,EJ
Kampus Frans Seda,EJ
Kampus Uin 1,ST
Kampus Uin 2,ST
Kanisius,CJ
Kantor Kelurahan Baru,EJ
Kantor Lurah Gandul,D
Kantor PJU,WJ
Kantor Pos Cikini,CJ
Kantor Pos Dukuh,EJ
Kantor Pos Kebayoran Lama,SJ
Kantor Pos Mampang,SJ
Kantor Walikota Jaksel,SJ
Kantor Walikota Jakut 1,NJ
Kapin,EJ
Karang Asri,NJ
Karang Asri 2,NJ
Karet Kuningan,SJ
Karet Kuningan 1,SJ
Karet Kuningan 2,SJ
Karet Pedurenan 1,SJ
Karet Pedurenan 2,SJ
Karet Sudirman,SJ
Karet Sudirman 1,SJ
Karet Sudirman 3,CJ
Karet Tengsin,CJ
Kartika Candra,SJ
Kartini Hospital 2,SJ
Kasi Dikdas 1,EJ
Kasi Dikdas 2,EJ
Kav Agraria Duren Sawit,EJ
Kav Marinir Kalimalang,EJ
Kav Polri Blok E Jagakarsa,SJ
Kav Polri Blok H Jagakarsa,SJ
Kavling Pengadilan Jln. Dermaga,EJ
Kayu Mas,EJ
Kayu Putih Rawasari,EJ
Kayuringin 1,B
Kayuringin 2,B
Kb. Baru,NJ
Kb. Jeruk 1,WJ
Kb. Kangkung,T
Kb. Nanas,T
Kebagusan Raya,SJ
Kebantenan,NJ
Kebayoran Baru Velbak 1,SJ
Kebayoran Baru Velbak 2,SJ
Kebayoran Lama,SJ
Kebayoran Lama Bungur,SJ
Kebon Jeruk,WJ
Kec. Cilincing,NJ
Kec. Cipayung,EJ
Kec. Ciracas,EJ
Kec. Johar Baru,CJ
Kec. Kb. Jeruk,WJ
Kec. Kembangan,WJ
Kec. Koja,NJ
Kec. Pasar Minggu,SJ
Kec. Pesanggrahan,SJ
Kec. Pondok Gede,B
Kec. Sawah Besar,CJ
Kec. Tanah Abang,CJ
Kedongdong,D
Kedoya Assiddiqiyah,WJ
Kedoya Green Garden,WJ
Kedubes Malaysia,SJ
Kehakiman,T
Kejaksaan Agung,SJ
Kejaksaan Negeri Jakbar,WJ
Kel. Ancol,NJ
Kel. Balekambang,EJ
Kel. Benhil,CJ
Kel. Bintaro,SJ
Kel. Cibubur,EJ
Kel. Cililitan,EJ
Kel. Ciracas,EJ
Kel. Duren Sawit,EJ
Kel. Duri Kepa,WJ
Kel. Halim Perdana Kusuma,EJ
Kel. Jati Padang,SJ
Kel. Jati Pulo,WJ
Kel. Kalisari,EJ
Kel. Kb. Kacang,CJ
Kel. Lagoa,NJ
Kel. Marunda,NJ
Kel. Pademangan,NJ
Kel. Pegangsaan Dua,NJ
Kel. Penjaringan,NJ
Kel. Pondok Labu,SJ
Kel. Pondok Pinang,SJ
Kel. Rawamangun,EJ
Kel. Rorotan,NJ
Kel. Senen,CJ
Kel. Srengseng,WJ
Kel. Sukabumi Selatan,WJ
Kel. Susukan,EJ
Kel. Tanah Tinggi,CJ
Kelapa Dua Sasak,WJ
Kelapa Gading Utama,NJ
Kelok 9 Kalimalang,EJ
Kemang Raya 40,SJ
Kemayoran Landas Pacu Timur,CJ
Kemayoran Landas Pacu Timur 1,CJ
Kemayoran Landas Pacu Timur 2,NJ
Kemenkes 1,SJ
Kemenkes 2,SJ
Kementan,SJ
Kementerian ESDM,CJ
Kementerian Pariwisata,CJ
Kementerian Pertanian,SJ
Kesatrian Kowal Cut Nyak Dhien,CJ
Keselamatan,SJ
Khong Guan Wahid Hasyim,CJ
Kirana Boutique,NJ
Klapa Village H. Naman,B
Klapa Village Pondok Kelapa,EJ
Klinik Andhika Rawa Buaya,WJ
Klinik Darsa Medika Kamal,WJ
Klinik Fakhira Manggarai Selatan,SJ
Klinik Firdausy,SJ
Klinik Hemodialisa Pandaoni Medika,EJ
Klinik Kartika Pengadegan,SJ
Klinik Otista,EJ
Klinik Persada Sari,WJ
Klinik Sasana Husada,SJ
Kober Balekambang,EJ
Kodam Bintaro,SJ
Kodim 0505 1,EJ
Kodim 0505 2,EJ
Koja Trade Mall,NJ
Kolam Renang Halim,EJ
Kolong Tol Guru Saleh,SJ
Kolong Tol Jakarta Serpong 1,SJ
Kolong Tol Jakarta Serpong 2,SJ
Komdak 1,SJ
Komdak 2,SJ
Kompas Gramedia,CJ
Komplek Abadi 1,EJ
Komplek Abadi 2,EJ
Komplek Al,SJ
Komplek Angkasa Halim PK,EJ
Komplek BKN Sumur Batu,CJ
Komplek BPPT,WJ
Komplek Beacukai Pondok Bambu,EJ
Komplek DDN 1,SJ
Komplek DPR Bumi Sanggraha,EJ
Komplek DPR I Kb. Jeruk,WJ
Komplek DPR III Meruya Selatan,WJ
Komplek Ddn Bintara Jaya,EJ
Komplek Depkeu Kemanggisan Utama,WJ
Komplek Dirgantara III Halim PK,EJ
Komplek Dittopad,CJ
Komplek Dolog Jaya,EJ
Komplek Hankam Cidodol,SJ
Komplek Interkota Indah,WJ
Komplek Jaya Motor Gg. H,NJ
Komplek KPLP Marunda,NJ
Komplek Kejari Tebet Dalam,SJ
Komplek Keuangan,SJ
Komplek Keuangan Saaba,WJ
Komplek Kodam Jaya Kb. Jeruk,WJ
Komplek Mandiri Giant Express 1,ST
Komplek Mandiri Giant Express 2,ST
Komplek Pelni,D
Komplek Pemda 1,T
Komplek Pertokoan Cempaka Putih,CJ
Komplek Perum Ad Cibubur,EJ
Komplek Polri Duren Tiga,SJ
Komplek Polri Kalideres,WJ
Komplek Polri Ragunan,SJ
Komplek RSPP,SJ
Komplek Ruko Interkota,WJ
Komplek Uin,ST
Komplek Wijaya Kusuma 1,EJ
Komplek Wijaya Kusuma 2,EJ
Komplek Wijaya Kusuma 3,EJ
Komplek Zeni Raya Bogor,EJ
Konsil Kedokteran Indonesia,CJ
Koperasi,SJ
Koperasi Serba Usaha,EJ
Koramil Jln. Brigjen Katamso,WJ
Kota,WJ
Kota 1,WJ
Kota Harapan Indah 1,B
Kota Harapan Indah 2,B
Kota Kasablanka,SJ
Kramat Pela,SJ
Kramat Sentiong,CJ
Kuningan 18,SJ
Kuningan Barat,SJ
Kuningan Barat 1,SJ
Kuningan Madya,SJ
Kuningan Madya 2,SJ
Kuningan Media,SJ
Kuningan Timur,SJ
Kuningan Timur 2,SJ
Kuningan Utama,SJ
Kusuma Timur Vihara Dharma Bhakti,WJ
Kwitang,CJ
LP Cipinang,EJ
LPP RRI 1,SJ
LPP RRI 2,SJ
LPPI 1,SJ
Lakesgilut TNI AU 2,EJ
Landmark Pluit Auto Plaza,NJ
Lapangan Blok S,SJ
Lapangan Bola Danu Setiawan,EJ
Lapangan Bola Meruya Ilir,WJ
Lapangan Hankam,SJ
Lapangan Kaprina,EJ
Lapangan Ros,SJ
Latuharhary,CJ
Latumeten Stasiun Grogol Arah Selatan,WJ
Latumeten Stasiun Grogol Arah Utara,WJ
Layur,EJ
Layur 2,EJ
Lebak Bulus,SJ
Lebak Bulus Jak Lingko,SJ
Lenteng Agung,SJ
Lenteng Agung Barat,SJ
Limo,SJ
Lintas Atas Kuningan Mampang,SJ
Lion Center,EJ
Lion Metal 2,EJ
Lippo Mall Kramat Jati,EJ
Litbang Depnaker Jaktim,EJ
Logistik Polri,EJ
London School,CJ
Lotte Mall Kuningan 1,SJ
MAN 21,NJ
MBAU,SJ
MH Thamrin,CJ
MH Thamrin 1,CJ
MH Thamrin 2,CJ
MH Thamrin 3,CJ
MI Al Ihsan Batu Ampar,EJ
MI Arruhaniyah Rorotan,NJ
MI Imadun Najah Rorotan,NJ
MIN 20 Jakarta,NJ
MIN 8 Srengseng Sawah,SJ
MNC Studios,WJ
MOI Kelapa Gading,NJ
MTsN 19,SJ
MTsN 3 Jakarta,SJ
MTsN 37,WJ
MTsN 38,NJ
MTsN 5,NJ
Mabes Au Dinas Psikologi,EJ
Madya Kebantenan,NJ
Malaka 1 Gg. 2 Rorotan,NJ
Malaka 1 Gg. 3 Rorotan,NJ
Malaka 1 Gg. Veteran,NJ
Malaka Jaya RW11 Rorotan,NJ
Mall Bale Kota,T
Mall Cijantung,EJ
Mall Cipinang Indah 1,EJ
Mall Cipinang Indah 2,EJ
Mall Kelapa Gading,NJ
Mall Metropolitan,B
Mall Taman Palem 2,WJ
Mall Taman Palem 3,WJ
Mall Thamrin City,CJ
Mampang 5,SJ
Mampang Prapatan,SJ
Man 15 Jakarta,EJ
Man 2 Jakarta,EJ
Mandara Permai 5,NJ
Mandara Permai 6,NJ
Mandiri Griya Mampang,SJ
Mangga Besar Arah Selatan,WJ
Mangga Besar Arah Utara,WJ
Mangga Dua,NJ
Mangga Dua Square,NJ
Manggala Wanabakti,CJ
Manggarai,SJ
Manggarai 1,SJ
Margaguna 1,SJ
Margaguna 2,SJ
Markas Intai Amfibi Marunda,NJ
Marlindo Marunda,NJ
Masjid Agung,SJ
Masjid Al Akhbar PWI 2,EJ
Masjid Al Barakah Assyafiiyah,SJ
Masjid Al Barkah 1,EJ
Masjid Al Barkah 2,EJ
Masjid Al Barokah 1,EJ
Masjid Al Birru Warrohmah,SJ
Masjid Al Fida Komodor Halim,EJ
Masjid Al Hawi Cililitan,EJ
Masjid Al Huda Balai Rakyat,EJ
Masjid Al Huda Kemayoran,CJ
Masjid Al Jihad Ulujami,SJ
Masjid Al Karomah Cipete,SJ
Masjid Al Mukarromah Jampea,NJ
Masjid Al Mukarromah Lagoa,NJ
Masjid Al Mumin,NJ
Masjid Al Murtamiyyah Marunda,NJ
Masjid Al Waqof,NJ
Masjid Al-Marzuqiyah,EJ
Masjid Amar Maruf 1,B
Masjid Amar Maruf 2,B
Masjid Ar Rayyan Kementerian BUMN,CJ
Masjid Arrohmah,SJ
Masjid As Sudairi,SJ
Masjid Assaadah Malaka Jaya,EJ
Masjid Assuada,EJ
Masjid Asy Syamsu,EJ
Masjid At Taqwa 1,SJ
Masjid At Taqwa Karang Tengah,NJ
Masjid At Tin,EJ
Masjid Attahiriyah,SJ
Masjid Bahari 1,NJ
Masjid Baitul Hilmi Tomang,WJ
Masjid Baitul Mukhlish Serdang,CJ
Masjid Baiturrahman 1,T
Masjid Baiturrahman 2,T
Masjid Baiturrahman Duren Sawit,EJ
Masjid Baiturrohman Jati Pulo,WJ
Masjid Cut Meutia 1,CJ
Masjid Cut Nyak Dien,CJ
Masjid Darul Huda 1,EJ
Masjid Darussalam Cipedak,SJ
Masjid Guru Amin,SJ
Masjid Hidayatussalam,EJ
Masjid Hifdzirrahim,SJ
Masjid Jami Al Badariah Kemayoran,CJ
Masjid Jami Al Barkah 1,EJ
Masjid Jami Al Barkah 2,EJ
Masjid Jami Al Falah Pinang,SJ
Masjid Jami Al Fallah,NJ
Masjid Jami Al Hidayah Tomang,WJ
Masjid Jami Al Ihsan Kemayoran,CJ
Masjid Jami Al Inayah,EJ
Masjid Jami Al Ittihadiyah,WJ
Masjid Jami Al Makmur 1,CJ
Masjid Jami Al Makmur 2,CJ
Masjid Jami Al Makmur Klender,EJ
Masjid Jami Al Mamur Bukit Duri,SJ
Masjid Jami Al Muhsinin,B
Masjid Jami Al Muttaqin Balekambang,EJ
Masjid Jami Al Wiqoyah,SJ
Masjid Jami Al-Baidlo,EJ
Masjid Jami Ar Ridho Jelambar,WJ
Masjid Jami Ar Roghibin,EJ
Masjid Jami Assyakirin Kalimalang,EJ
Masjid Jami Asy Syakirin,SJ
Masjid Jami At Taqwa 1,EJ
Masjid Jami At Taqwa 2,EJ
Masjid Jami At Taqwa 3,EJ
Masjid Jami Attaubah 2,EJ
Masjid Jami Baiturrahman,SJ
Masjid Jami Fathurrahman Ciracas,EJ
Masjid Jami Hasbi,EJ
Masjid Jami Matraman,CJ
Masjid Jami Nurul Ain 1,EJ
Masjid Jami Nurul Ain 2,EJ
Masjid Jami Nurul Fauz,WJ
Masjid Jami Nurul Iman Palmerah,WJ
Masjid Luar Batang,NJ
Masjid Nur Alimin 2,EJ
Masjid Nurul Iman Joglo,WJ
Masjid Nurul Iman Kubur Batu,WJ
Masjid Nurul Jannah Marunda,NJ
Masjid Nururrohman Pondok Kopi,EJ
Masjid Pasmar Marunda,NJ
Masjid Pondok Indah 1,SJ
Masjid Pondok Indah 2,SJ
Masjid Raya Al Musyawarah Kelapa Gading,NJ
Masjid Raya Al Musyawarah Kelapa Gading 1,NJ
Masjid Raya Al Musyawarah Kelapa Gading 2,NJ
Masjid Raya KH Hasyim Asyari,WJ
Masjid Raya Nurul Hidayah,SJ
Masjid Safinatul Husna,WJ
Maspion Plaza,NJ
Matraman 1,EJ
Matraman 2,CJ
Matraman 4,EJ
Matraman Baru,EJ
Mayang Permai,NJ
Mayestik,SJ
Mayestik 1,SJ
Mayestik 2,SJ
Mediterania Boulevard,NJ
Mediterania Garden Residences,WJ
Mega Cinere,D
Mega Kuningan,SJ
Mega Mall Bekasi,B
Mega Syariah,SJ
Megaria,CJ
Megatama,EJ
Melati Mas Residence 2,ST
Melody Golf,NJ
Melody Golf 2,NJ
Menara Astra,CJ
Menara Bidakara,SJ
Menara Cardig,EJ
Menara Duta,SJ
Menara Mandiri,SJ
Menara Mulia,SJ
Menara Thamrin,CJ
Menteng 1,CJ
Menteng 2,CJ
Merpati,SJ
Mesindo Tekninesia,NJ
Mesjid Nurul Huda Kebagusan,SJ
Mess Wirayudha 1,EJ
Mess Wirayudha 2,EJ
Metric PIK,NJ
Metro Pondok Indah,SJ
Metro Sunter,NJ
Midi Utama Cililitan 1,EJ
Midi Utama Condet Raya,EJ
Midi Utama Danau Indah,NJ
Midi Utama Meruya Selatan 2,WJ
Midi Utama Rorotan,NJ
Minagapura,WJ
Minimarket Benda Raya 1,WJ
Minimarket Pondok Kelapa,EJ
Minimarket Pondok Kopi,EJ
Minimarket Sunter Jaya 2,NJ
Mitra Gading Villa,NJ
Mja Rawa Bambu,SJ
Moch Yusuf Raya 1,D
Moch Yusuf Raya 2,D
Monas,CJ
Monas 1,CJ
Monas 2,CJ
Monas 3,CJ
Muara Angke,NJ
Muara Bahari,NJ
Muara Dalam,SJ
Muara Karang Raya,NJ
Multivision Tower,SJ
Munggang 1,EJ
Museum Bahari 1,NJ
Museum Bank Indonesia,WJ
Museum Fatahillah,WJ
Museum Nasional VIsible Storage,EJ
Museum Proklamasi,CJ
Museum Textile,WJ
Mushola Al Achyar Cipete,SJ
Mushola Al Hidayah Batu Ampar,EJ
Mushola Al Jihad Perintis Kemerdekaan,NJ
Mushola Al Muhajirin Cibubur,EJ
Mushola Almujtahida Rorotan,NJ
Mushola As Salam Batu Ampar,EJ
Mushola At Taufiq,EJ
Mushola Nurul Huda Petukangan,SJ
Musholla Al Mukhlisin 1,NJ
Mutiara Pulo Dukuh,EJ
Nabawi Islamic School,EJ
Naga Ciracas,EJ
Naga Raya Duren Sawit,EJ
Nifarro Park,SJ
Nizamia Andalusia,EJ
Nurul Fikri Buaran,EJ
Nusantara,EJ
Olieku Jln. Aries Permai,WJ
Olimo,WJ
One Belpark 1,SJ
One Park Residences,SJ
Otorita Asahan,SJ
PD Pal Jaya,SJ
PGC,EJ
PGC 1,EJ
PGC 2,EJ
PGC Dalam,EJ
PGP,EJ
PIK Avenue,NJ
PIK2 Pantjoran,NJ
PKB Pulo Gadung,EJ
PKP,EJ
PLN Corporate University 2,SJ
PLN Duren Tiga 1,SJ
PLN Duren Tiga 2,SJ
PLN Kramat Jati,EJ
PLN Pusat,SJ
PLN Pusat Raya Tugu,NJ
PLN Senayan,SJ
PLTU,NJ
PLTU Pluit,NJ
PMD,SJ
PMI,SJ
PMI DKI Jakarta,CJ
PPI,CJ
PPKD Jaktim,EJ
PTC Pulo Gadung,EJ
PTT,NJ
PTUN Jakarta,CJ
PU Irigasi,CJ
Pabrik Plastik Sawah Mede,WJ
Pacuan Kuda Pulo Mas 2,EJ
Pademangan,NJ
Pademangan 1,NJ
Pajak Dan Retribusi Cakung,EJ
Pajak Dan Retribusi Grogol Petamburan,WJ
Pakin,NJ
Pal Batu 2,SJ
Pal Batu 3,SJ
Pal Putih,CJ
Palem Semi 1,T
Palem Semi 2,T
Pam Jaya DKI,CJ
Pancoran 1,SJ
Pancoran Barat Arah Barat,SJ
Pancoran Barat Arah Timur,SJ
Pancoran Soepomo,SJ
Pancoran Tugu Arah Barat,SJ
Pancoran Tugu Arah Timur,SJ
Pangarengan,EJ
Pangeran Jayakarta,WJ
Pangeran Jayakarta 1,WJ
Pangeran Jayakarta 2,WJ
Pangkalan Jati,EJ
Pangkalan Jati 1,EJ
Pangkalan Jati 2,EJ
Pantai Maju,NJ
Panti Perwira,CJ
Panti Sosial Bina Laras,EJ
Panti Sosial Bina Laras 1,WJ
Pasar Baru,CJ
Pasar Baru Timur,CJ
Pasar Cempaka Putih,CJ
Pasar Enjo,EJ
Pasar Genjing,EJ
Pasar Induk Kramat Jati,EJ
Pasar Jatinegara,EJ
Pasar Kebayoran Lama,SJ
Pasar Kramat Jati,EJ
Pasar Minggu,SJ
Pasar Modern Harapan Indah,B
Pasar Pulo Gadung,EJ
Pasar Rumput,SJ
Patra Kuningan,SJ
Patra Kuningan 1,SJ
Pecenongan,CJ
Pecenongan 2,CJ
Pedati 2,EJ
Pedati Prumpung,EJ
Pedati Prumpung 1,EJ
Pedongkelan,NJ
Pegangsaan Timur,CJ
Pejambon,CJ
Pejaten,SJ
Pejaten 1,SJ
Pelabuhan Kali Adem,NJ
Pemadam Jagakarsa,SJ
Pemadam Pondok Kelapa Raya,EJ
Pemadam Pos Tebet,SJ
Pemadam Tj. Duren,WJ
Pemuda Pramuka,EJ
Pemuda Rawamangun,EJ
Penas Kalimalang,EJ
Penas Kalimalang 2,EJ
Pengadegan Barat III,SJ
Pengadegan Barat VI,SJ
Pengadegan Barat VII,SJ
Pengadegan Selatan III,SJ
Pengadilan Agama 1A Jaktim,EJ
Pengadilan Negeri Jaksel 2,SJ
Pengadilan Negeri Jaktim 1,EJ
Pengadilan Negeri Jaktim 2,EJ
Pengadilan Negeri Jakut,NJ
Pengayoman,T
Penggilingan,EJ
Penggilingan 1,EJ
Penggilingan 2,EJ
Penjaringan,NJ
Perdatam,SJ
Perempatan Cempaka Putih Barat XXVI,CJ
Perempatan Gandul,D
Perempatan Jln. Cempaka Putih Tengah XIII,CJ
Perguruan Advent VII Rawamangun,EJ
Perlintasan KA Rajawali,CJ
Perlintasan Kereta Api Kebayoran,SJ
Permai Koja 1,NJ
Permai Koja 2,NJ
Permai Koja Arah Selatan,NJ
Permai Koja Arah Utara,NJ
Permata Eksekutif 1,WJ
Permata Eksekutif 2,WJ
Permata Hijau,SJ
Permata Hijau 1,SJ
Permata Hijau RS Medika,WJ
Permata Hijau RS Medika 1,WJ
Permata Hijau RS Medika 2,WJ
Perpustakaan Dan Arsip Jakbar,WJ
Perpustakaan Nasional,CJ
Perpustakaan Riset BPK,CJ
Perpustakaan Umum Daerah,SJ
Persada Purnawira Halim,EJ
Persahabatan,EJ
Pertamina Bina Medika,SJ
Pertamina Kalideres Daan Mogot,WJ
Pertamina Kilang Minyak,NJ
Pertamina Marine III,NJ
Pertamina Term. Priok,NJ
Pertani,SJ
Pertigaan Al-Baidho,EJ
Pertigaan Cedang 1,EJ
Pertigaan Cedang 3,EJ
Pertigaan Ceger,EJ
Pertigaan Dewi Sartika,EJ
Pertigaan Duren Tiga Raya,SJ
Pertigaan H. Sadjim 3,EJ
Pertigaan Jengki Raya,EJ
Pertigaan Manunggal Al-Baidho,EJ
Pertigaan Pejaten Barat,SJ
Pertigaan Rukun Setu,EJ
Pertigaan Usman Harun,EJ
Perum Kedoya Garden,WJ
Perum Mutiara Indah Rorotan,EJ
Perum Rorotan Mas,NJ
Perum Taman Cipinang,EJ
Perum Taman Kota 2,WJ
Perum Tpi 1,EJ
Perum Tpi 2,EJ
Perum Villa Kelapa Dua,WJ
Perumahan Buddha Tzu Chi 1,NJ
Perumahan Buddha Tzu Chi 2,NJ
Perumahan EKS Yon Angkub,EJ
Perumahan Grand Malaka Rorotan,NJ
Perumahan KFT 1,WJ
Perumahan Mawar Joglo,WJ
Perumahan Meruya Indah,WJ
Perumahan Perwira Mabad,WJ
Perumahan Walikota Jakbar 1,WJ
Perumahan Walikota Jakbar 2,WJ
Perumnas Klender,EJ
Perumnas Klender 2,EJ
Pesakih,WJ
Pesakih 1,WJ
Pesakih 2,WJ
Pesing Polgar 1,WJ
Pesona Kalisari,EJ
Pesona Khayangan,D
Pesona Square,D
Petojo,CJ
Pharmin,CJ
Phe Tower Kebagusan,SJ
Pinang Ranti,EJ
Pintu 2 Jembatan Semanan Raya,WJ
Pintu 3 TMII,EJ
Pintu Air Gempol 1,EJ
Pintu Air Kalimati,NJ
Pintu Air Menteng,CJ
Pintu Barat Ragunan 1,SJ
Pintu Exit Term. Pulo Gebang,EJ
Pintu II TMII,EJ
Pintu Kawasan 1,EJ
Pintu Kawasan 2,EJ
Pintu Keluar Ps. Induk,EJ
Pintu Masuk PIK 2,EJ
Pintu Timur Ragunan,SJ
Pintu Tol Cijago,D
Pintu Tol Pondok Gede Selatan,EJ
Plaza Adorama,SJ
Plaza Blok M,SJ
Plaza Europa,T
Plaza Indonesia,CJ
Plaza Kalibata,SJ
Plaza Kemang 88,SJ
Plaza Oleos,SJ
Plaza Pp Condet 2,EJ
Plaza Senayan 1,CJ
Plaza Sentral,SJ
Plaza St. Manggarai,SJ
Pluit,NJ
Pluit 1,NJ
Pluit Karang Indah,NJ
Pluit Sakti,NJ
Plumpang Pertamina 1,NJ
Plumpang Pertamina Arah Selatan,NJ
Plumpang Pertamina Arah Utara,NJ
Plumpang Ps. Ular,NJ
Poins Square,SJ
Polda Metro Jaya,SJ
Polres Metro Jakpus,CJ
Polsek BSD,ST
Polsek Cengkareng 1,WJ
Polsek Ciputat 1,ST
Polsek Ciputat 2,ST
Polsek Koja,NJ
Polsek Makasar,EJ
Polsek Pademangan,NJ
Polsek Pasar Rebo,EJ
Polsek Penjaringan,NJ
Polsek Tanah Abang,CJ
Polsek Tj. Priok,NJ
Poltangan 1,SJ
Poltek Bunda Kandung,SJ
Pom Ad 1,SJ
Pom Bensin Ciputat,ST
Pom Bensin Mulyadi,B
Pomad 2,SJ
Pondok Gede Raya,EJ
Pondok Indah 1,SJ
Pondok Indah 2,SJ
Pondok Kelapa Indah,EJ
Pondok Kelapa Raya Kalimalang,EJ
Pondok Molek,EJ
Pondok Pinang,SJ
Ponpes Alhikmah Rorotan,NJ
Ponpes Baitul Quran Al Ikhwan 1,NJ
Ponpes Musyarrofah,SJ
Pool Blue Bird Cijantung,EJ
Pool Blue Bird Puri 2,WJ
Pool Express Tanah Kusir,SJ
Pool Hiba Utama 1,EJ
Pool Hiba Utama 2,EJ
Pool Mayasari Bakti,EJ
Pool PPD Ciputat,ST
Pool PPD Kec. Pulo Gadung,EJ
Pool Pangkalan Jati,EJ
Pool Taksi,EJ
Pool Taksi Tanah Kusir,SJ
Port Medical Center,NJ
Pos Bungur Batu Ampar IV,EJ
Pos Jaga Trikora 1,EJ
Pos Jaga Trikora 2,EJ
Pos Jaga Utama 1,EJ
Pos Jaga Utama 2,EJ
Pos Pengampuan,WJ
Pos Pengumben,WJ
Pos Polisi Satrio,SJ
Pos Rw 06 Pondok Bambu,EJ
Pospol Bendungan Hilir,CJ
Pospol Jati Bunder,CJ
Pospol Makasar,EJ
Pospol PIK Penggilingan,EJ
Pospol Pengumben,WJ
Pospol Pondok Kelapa,EJ
Pospol Taman Aries,WJ
Pospol Tomang 2,WJ
Potlot,SJ
Pramuka BPKP,EJ
Pramuka LIA,EJ
Pratama Abadi,ST
Premier Terrace,EJ
Ps. Asemka,WJ
Ps. BKT Rorotan IX,EJ
Ps. Bambu Kuning,NJ
Ps. Bebek Marunda 1,NJ
Ps. Bebek Marunda 2,NJ
Ps. Bintang Mas 1,WJ
Ps. Cakung 1,EJ
Ps. Cempaka Putih 1,CJ
Ps. Cibubur,EJ
Ps. Cipete,SJ
Ps. Cipinang Kebembem,EJ
Ps. Ciplak,EJ
Ps. Ciplak Cibesel,EJ
Ps. Ciputat,ST
Ps. Enjo 1,EJ
Ps. Enjo 2,EJ
Ps. Enjo Pisangan Lama,EJ
Ps. Gantung,WJ
Ps. Hek 1,EJ
Ps. Hek 2,EJ
Ps. Inpres Cipinang Besar,EJ
Ps. Inpres Kebayoran,SJ
Ps. Jabon Meruya,WJ
Ps. Jongkok,NJ
Ps. Kaget Pengadegan,SJ
Ps. Kam 1,EJ
Ps. Kam 2,EJ
Ps. Kebayoran Lama 1,SJ
Ps. Kemayoran,CJ
Ps. Kemiri 2,WJ
Ps. Keramik Panglima Polim,SJ
Ps. Klender,EJ
Ps. Kopro,WJ
Ps. Kopro 2,WJ
Ps. Kramat Jati 1,EJ
Ps. Kramat Jati 2,EJ
Ps. Malaka Rorotan,NJ
Ps. Mede,SJ
Ps. Mini Halim,EJ
Ps. Mitra,WJ
Ps. Muara Karang,NJ
Ps. Pademangan Timur 2,NJ
Ps. Pagi Kayu Putih Selatan,EJ
Ps. Palad,EJ
Ps. Palmerah,CJ
Ps. Palmerah 2,CJ
Ps. Pedok,SJ
Ps. Pejagalan,WJ
Ps. Pisang Rawa Buaya,WJ
Ps. Pondok Bambu 1,EJ
Ps. Pondok Gede,B
Ps. Pulo Gadung 1,EJ
Ps. Pulo Gadung 2,EJ
Ps. Pulo Gadung 3,EJ
Ps. Rawasari,CJ
Ps. Santa,SJ
Ps. Sayur Cipulir,SJ
Ps. Serdang 1,NJ
Ps. Sinar Lagoa 1,NJ
Ps. Sumur Batu 1,CJ
Ps. Sumur Batu 2,CJ
Ps. Timbul,WJ
Ps. Tomas,CJ
Ps. Ujung Menteng,EJ
Ps. Ular Plumpang,NJ
Pulo Gadung,EJ
Pulo Gadung 1,EJ
Pulo Gadung 2,EJ
Pulo Gadung 3,EJ
Pulo Gadung 4,EJ
Pulo Gadung 5,EJ
Pulo Gebang,EJ
Pulo Jaya,EJ
Pulo Kamboja,SJ
Pulo Mas,NJ
Pulo Mas 2,EJ
Pulo Mas Bypass,EJ
Pulo Mas Residence,EJ
Pulo Mas Ruko,EJ
Pure Dalam,NJ
Puri Agung,WJ
Puri Ardhya Garini,EJ
Puri Beta 1,T
Puri Beta 2,T
Puri Casablanca,SJ
Puri Imperium,SJ
Puri Kembangan,WJ
Puri Margasatwa,SJ
Puri Swadaya,EJ
Pusat Pelayanan Warga Summarecon,NJ
Pusat Pengelolaan Komplek Kemayoran,NJ
Pusat Promosi Ikan Hias,CJ
Pusdiklat Kemenag 1,ST
Pusdiklat Kemenag 2,ST
Pusdiklat Pajak Jln. Sakti IV,WJ
Pusdiklatnas 1,NJ
Pusdiklatnas 2,NJ
Pusenlis,WJ
Puskesmas Ancol,NJ
Puskesmas Balekambang,EJ
Puskesmas Batu Ampar,EJ
Puskesmas Cengkareng,WJ
Puskesmas Cilincing,NJ
Puskesmas Ciracas,EJ
Puskesmas Duren Sawit,EJ
Puskesmas Kebayoran Baru,SJ
Puskesmas Kel. Dukuh,EJ
Puskesmas Kel. Gunung,SJ
Puskesmas Kel. Kamal II,WJ
Puskesmas Kel. Papanggo,NJ
Puskesmas Kel. Warakas,NJ
Puskesmas Kelapa Gading,NJ
Puskesmas Kelurahan Pademangan Timur,NJ
Puskesmas Kota Bambu Selatan,WJ
Puskesmas Petojo Utara,CJ
Puskesmas Rawamangun,EJ
Puskesmas Setiabudi,SJ
Puskesmas Sunter Agung I,NJ
Puskesmas Tambora,WJ
RA Kartini,SJ
RPTRA Dukuh,EJ
RPTRA Kampung Pulo Asri,EJ
RPTRA Mutiara Rawabinong,EJ
RS Adhiyaksa,EJ
RS Asshobirin 1,ST
RS Bhakti Mulia,WJ
RS Budi Jaya,SJ
RS Carolus,CJ
RS Dharma Nugraha,EJ
RS Dr Mintohardjo,CJ
RS Dr Suyoto,SJ
RS Dr. Sulianti Saroso,NJ
RS Duren Sawit,EJ
RS Duren Sawit 1,EJ
RS Duren Sawit 2,EJ
RS Eka,ST
RS Fatmawati,SJ
RS Gading Pluit,NJ
RS Grand Family,NJ
RS Haji Jakarta,EJ
RS Harapan Bunda,EJ
RS Harapan Kita Arah Selatan,WJ
RS Harapan Kita Arah Utara,WJ
RS Harum,EJ
RS Hermina,EJ
RS Islam,CJ
RS Islam Pondok Kopi,EJ
RS Islam Pondok Kopi 2,EJ
RS Jantung Binawaluya,EJ
RS Mata Menteng,CJ
RS Medika Permata Hijau 3,SJ
RS Medika Permata Hijau 4,SJ
RS Mediros,EJ
RS Medistra,SJ
RS Mitra Kelapa Gading,NJ
RS Mitra Keluarga 1,B
RS Mitra Keluarga 2,B
RS Mitra Kemayoran,NJ
RS PIK 2,NJ
RS Pelabuhan Jakarta,NJ
RS Pluit,NJ
RS Polri Jaktim,EJ
RS Pusat Pertamina 1,SJ
RS Pusat Pertamina 2,SJ
RS Pusat Pertamina 3,SJ
RS Pusdikkes,EJ
RS Restu Kasih,EJ
RS Siloam,SJ
RS Sumber Waras,WJ
RS Sumber Waras 1,WJ
RS Sumber Waras 2,WJ
RS Tarakan,CJ
RS Tria Dipa,SJ
RS Zahirah,SJ
RSAU Dr Esnawan Antariska 2,EJ
RSIA Brawijaya Jln. H. Jian,SJ
RSIA Bunda 2,CJ
RSIA Duren Tiga 1,SJ
RSIA Duren Tiga 2,SJ
RSIA Kemang,SJ
RSJ Dr Soeharto Heerdjan,WJ
RSPAD,CJ
RSPAD 1,CJ
RSPAD 3,CJ
RSU Andhika,SJ
RSU Dr Euis,EJ
RSU Pekerja Sukapura,NJ
RSUD Boulevard Raya,WJ
RSUD Cengkareng,WJ
RSUD Cilincing,NJ
RSUD Ciracas,EJ
RSUD Koja,NJ
RSUD Koja 2,NJ
RSUD Pasar Minggu,SJ
RSUD Pasar Rebo 2,EJ
RSUD Pesanggrahan,SJ
RSUD Tj. Priok 2,NJ
RSUD Tugu Koja,NJ
RSUP Persahabatan,EJ
Ragunan,SJ
Ragunan 2,SJ
Rajiman 2,EJ
Ramayana Cengkareng,WJ
Ramayana KDW,EJ
Ramayana Semper,NJ
Ratu Prabu,SJ
Rawa Bambu,SJ
Rawa Barat,SJ
Rawa Barat 1,SJ
Rawa Buaya,WJ
Rawa Selatan,CJ
Rawa Sengon,NJ
Raya Bekasi Pulo Gebang 1,EJ
Raya Gading Bukit Indah,NJ
Raya Penggilingan,EJ
Raya Pulo Gebang Akses St. Cakung,EJ
Rengas,SJ
Rest Area Cibubur,EJ
Rest Area Km 13 Merak Jakarta,T
Rest Area TMII,EJ
Robinson,SJ
Roda Mas Baja Intan,CJ
Romantis PIK Penggilingan,EJ
Rorotan BKT,NJ
Roxy,CJ
Roxy Square 2,WJ
Rsu Pengayoman,EJ
Rukan Balai Pustaka,EJ
Rukan Radin Inten II,EJ
Rukan Teuku Umar,T
Ruko Cordoba 3,NJ
Ruko Enggano,NJ
Ruko Gading Bukit Indah,NJ
Ruko Gading Kirana,NJ
Ruko Gading Kirana 2,NJ
Ruko Gading Kirana 3,NJ
Ruko Kemanggisan Raya,WJ
Ruko Mall Mangga Dua,CJ
Ruko Mega Grosir Cempaka Mas,CJ
Ruko Meruya Ilir,WJ
Ruko Moh Kahfi II,SJ
Ruko Molek,EJ
Ruko Permata Senayan 1,SJ
Ruko Permata Senayan 2,SJ
Ruko Pondok Pinang Centre,SJ
Ruko Ps. Kebayoran Lama,SJ
Ruko Taman Cemara,B
Ruko Taman Duta Mas,WJ
Ruko Taman Kb. Jeruk,WJ
Rumah Sipitung,NJ
Rusun Benhil,CJ
Rusun Cakung Barat Albo,EJ
Rusun Cipinang Besar Selatan,EJ
Rusun Cipinang Muara,EJ
Rusun Flamboyan,WJ
Rusun Harum Tebet,SJ
Rusun Jati Rawasari,CJ
Rusun Jatinegara Kaum,EJ
Rusun Kapuk Muara,NJ
Rusun Karang Anyar,CJ
Rusun Karet Tengsin,CJ
Rusun Kemayoran,CJ
Rusun Klender,EJ
Rusun Komarudin,EJ
Rusun Marunda,NJ
Rusun Marunda 1,NJ
Rusun Marunda 2,NJ
Rusun Nagrak,NJ
Rusun Penjaringan,NJ
Rusun Pesakih,WJ
Rusun Pinus Elok Blok A,EJ
Rusun Pondok Bambu,EJ
Rusun Pulo Gebang,EJ
Rusun Rawa Bebek,EJ
Rusun Rempoa,SJ
Rusun Rorotan,NJ
Rusun Rorotan 2,NJ
Rusun Tambora,WJ
Rusun Tanah Abang 1,CJ
Rusun Tanah Abang 2,CJ
Rusun Tipar Cakung,EJ
Rusun Waduk Pluit,NJ
Rutan Salemba,CJ
S Parman Podomoro City Arah Barat,WJ
S Parman Podomoro City Arah Timur,WJ
SATLAK Johar Baru,CJ
SD 01 Taman Mpu Sendok,SJ
SD Angkasa 7,EJ
SD Diakonia 1,NJ
SD Diakonia 2,NJ
SD Jatinegara Kaum,EJ
SD Kartika X-4,SJ
SD Paskalis 1,CJ
SD Santa Maria Gambir,CJ
SDN 01 02 03,SJ
SDN 11 Batu Ampar,EJ
SDN Batu Ampar 02 03,EJ
SDN Cengkareng Barat 05,WJ
SDN Cengkareng Timur 05,WJ
SDN Cibubur 01,EJ
SDN Cibubur 03/04/06/07,EJ
SDN Cibubur 11,EJ
SDN Cilandak Timur 01,SJ
SDN Cipinang Besar Selatan,EJ
SDN Ciracas 01,EJ
SDN Ciracas 11/15,EJ
SDN Dukuh 01,EJ
SDN Dukuh 05,EJ
SDN Duren Sawit 02,EJ
SDN Grogol Utara 03,SJ
SDN Gunung Sahari 01,CJ
SDN Jagakarsa 01,SJ
SDN Jagakarsa 05,SJ
SDN Jati 07,EJ
SDN Jelambar Baru 01,WJ
SDN Johar Baru 10,CJ
SDN Kalisari 01,EJ
SDN Kelapa Dua 01,WJ
SDN Kelapa Dua Wetan 01,EJ
SDN Kota Bambu 03,WJ
SDN Lagoa,NJ
SDN Lebak Bulus 01,SJ
SDN Lebak Bulus 02,SJ
SDN Lebak Bulus 04,SJ
SDN Lubang Buaya 11,EJ
SDN Malakasari 13 15,EJ
SDN Marunda 01,NJ
SDN Meruya Utara 02 Pagi,WJ
SDN Pademangan Barat 07,NJ
SDN Pademangan Timur 05 07,NJ
SDN Palmerah 07,CJ
SDN Palmerah 09,WJ
SDN Pegangsaan Dua 07,NJ
SDN Penggilingan,EJ
SDN Penjaringan,NJ
SDN Penjaringan 3,NJ
SDN Pesanggrahan 10,SJ
SDN Pesanggrahan 10 Pagi,SJ
SDN Pisangan Timur 05/07,EJ
SDN Pisangan Timur 10,EJ
SDN Pondok Jagung 1,ST
SDN Pondok Kelapa 05,EJ
SDN Pondok Labu 11,SJ
SDN Ragunan 14,SJ
SDN Rawa Terate,EJ
SDN Rawamangun 05,EJ
SDN Rorotan 03,NJ
SDN Rorotan 07,NJ
SDN Srengseng Sawah 01,SJ
SDN Sukabumi Utara 04,WJ
SDN Sukasari Enam 2,T
SDN Sunter Agung 09,NJ
SDN Tanah Tinggi,CJ
SDN Tj. Duren Utara 06 07,WJ
SDN Utan Kayu Selatan 23 Pagi,EJ
SKKT Pondok Bambu,EJ
SLB Pangudi Luhur,WJ
SMA 40,NJ
SMA Advent XV Ciracas,EJ
SMA Angkasa 1,EJ
SMA Angkasa 2,EJ
SMA Cengkareng 1,WJ
SMA Islam As Syafiiyah 01,SJ
SMA Kartika,SJ
SMAK Penabur Enam 1,NJ
SMAK Penabur Enam 2,NJ
SMAN 10,CJ
SMAN 10 Bekasi,B
SMAN 100,EJ
SMAN 109,SJ
SMAN 113,EJ
SMAN 24,CJ
SMAN 28,SJ
SMAN 38,SJ
SMAN 41,NJ
SMAN 55,SJ
SMAN 65,WJ
SMAN 75,NJ
SMAN 8,SJ
SMAN 85,WJ
SMK 57,SJ
SMK Averus Pondok Pinang,SJ
SMK Bina Darma DKI,EJ
SMK Darussalam,ST
SMK Hatawana,EJ
SMK Karya Teladan,SJ
SMK Nurul Huda,EJ
SMK Ristek Kikin,EJ
SMK Satria Srengseng,WJ
SMK Tj. Priok 2,NJ
SMK Tunas Markatin,EJ
SMKN 12,NJ
SMKN 22,EJ
SMKN 28,SJ
SMKN 33,EJ
SMKN 38,CJ
SMKN 4,NJ
SMKN 42,WJ
SMKN 48,EJ
SMKN 49,NJ
SMKN 50,EJ
SMKN 54,CJ
SMKN 56,NJ
SMKN 60,WJ
SMKN 63,SJ
SMKN 7,EJ
SMKN Jasalena Marunda,NJ
SMP 140,NJ
SMP Islam Al Azhar 19,EJ
SMP Muhammadiyah 2,CJ
SMP PGRI 9,EJ
SMP PSKD 3,EJ
SMP Tarakanita 5,SJ
SMPN 106,EJ
SMPN 124,SJ
SMPN 127,WJ
SMPN 14,EJ
SMPN 143,NJ
SMPN 188,EJ
SMPN 190,WJ
SMPN 199,EJ
SMPN 214,EJ
SMPN 235,SJ
SMPN 245,SJ
SMPN 252,EJ
SMPN 258,EJ
SMPN 263,EJ
SMPN 43,SJ
SMPN 6 Bekasi,B
SMPN 68,SJ
SMPN 78,CJ
SMPN 8,CJ
SMPN 85,SJ
SMU 79,SJ
SMU Balai Rakyat,SJ
SPBG Jakpro,NJ
SPBU Bintaro Pondok Betung,SJ
SPBU Gedong Panjang,NJ
SPBU Industri Kemayoran,CJ
SPBU Jagakarsa,SJ
SPBU Jln. DI Panjaitan,EJ
SPBU Jln. Guru,SJ
SPBU Limo Cinere,D
SPBU Limo Cinere 1,D
SPBU M Kahfi 1,SJ
SPBU Meruya Ilir,WJ
SPBU Pinang Ranti 2,EJ
SPBU Shell Rempoa,SJ
SPBU Tugu Selatan,NJ
SPBU Yos Sudarso,NJ
STAI Az Ziyadah 2,EJ
STEKPI,SJ
STIAMI 2,D
STIE IBEK,WJ
STIE Trianandra,EJ
STIP,NJ
STIP 2,NJ
STIS,EJ
STMT Trisakti 1,EJ
STMT Trisakti 2,EJ
STPDN,SJ
STT PLN,WJ
Saadatudarain,SJ
Sadar Raya Ciganjur 2,SJ
Sahid Sudirman Center,CJ
Sakura Garden City,EJ
Salemba Carolus,CJ
Salemba UI,CJ
Sampoerna Strategic,SJ
Santa Maria,EJ
Santo Lukas,SJ
Sari Pan Pacific,CJ
Satrio 6,SJ
Sawah Besar Arah Selatan,WJ
Sawah Besar Arah Utara,WJ
Sawo Kecik Raya,SJ
Sbr. Agrowisata Cilangkap,EJ
Sbr. Airy Eco Binus,WJ
Sbr. Akademi Farmasi Mahadhika,EJ
Sbr. Akper Fatmawati Pondok Labu,SJ
Sbr. Akses Jembatan Ciliwung Balekambang,EJ
Sbr. Apartemen Gading Nias,NJ
Sbr. BBPK Jakarta,SJ
Sbr. BPJS Jaksel,SJ
Sbr. BPK Penabur Kelapa Gading,NJ
Sbr. BPPK Jakarta,CJ
Sbr. Balai Rakyat,EJ
Sbr. Barito Park,SJ
Sbr. Baywalk 2,NJ
Sbr. Bercabuana Sakti,SJ
Sbr. Binus Syahdan,WJ
Sbr. Bukit Cinere Indah,D
Sbr. Bumi Gotong Royong,EJ
Sbr. Cek & Ricek,WJ
Sbr. Cilandak KKO,SJ
Sbr. Cilincing Baru Raya,NJ
Sbr. Cipinang Jagal,EJ
Sbr. Cipinang Lontar,EJ
Sbr. Dinas Kesehatan DKI Jakarta,CJ
Sbr. Dirjen Anggaran,EJ
Sbr. Embun Pagi Islamic School,EJ
Sbr. Fedex Pondok Pinang,SJ
Sbr. GOR Pondok Bambu,EJ
Sbr. Gedung Pompa Cideng Siantar,CJ
Sbr. Gelanggang Remaja Tj. Priok,NJ
Sbr. Gereja HKBP Cipete,SJ
Sbr. Gereja Kristen Jawa,EJ
Sbr. Gereja Oikumene,EJ
Sbr. Gereja Santa Maria Imakulata,WJ
Sbr. Gereja Sumber Kasih,SJ
Sbr. Gg. Ahmad Squadron,EJ
Sbr. Gg. Asmat Petukangan,SJ
Sbr. Gg. Borobudur Ragunan,SJ
Sbr. Gg. Bulak I Rorotan,NJ
Sbr. Gg. Cermai,SJ
Sbr. Gg. Damai Lingkar Timur 2,EJ
Sbr. Gg. Elektro,NJ
Sbr. Gg. H Ahmad Nado,SJ
Sbr. Gg. H. Abdullah Marunda,NJ
Sbr. Gg. H. Anim Semanan,WJ
Sbr. Gg. H. Emur Pondok Labu,SJ
Sbr. Gg. H. Loong Tengah,EJ
Sbr. Gg. H. Mesir,SJ
Sbr. Gg. H. Saibun Jati Padang,SJ
Sbr. Gg. H. Sayuti I,EJ
Sbr. Gg. H. Yusuf Jati Padang,SJ
Sbr. Gg. I Jln. Cipeucang V,NJ
Sbr. Gg. Kancil Marunda,NJ
Sbr. Gg. Langgar Kelapa Dua,WJ
Sbr. Gg. Mantap Cibubur,EJ
Sbr. Gg. Marlina,NJ
Sbr. Gg. Masjid Al Istiqomah Tengah,EJ
Sbr. Gg. Mundu II Tengah,EJ
Sbr. Gg. Mushola Baburrahman,CJ
Sbr. Gg. Nusa Indah Ciracas,EJ
Sbr. Gg. Oxport Kebantenan,NJ
Sbr. Gg. Padi Pelita Cipinang,EJ
Sbr. Gg. Pos Komodor,EJ
Sbr. Gg. Puas Cibubur,EJ
Sbr. Gg. Puskesmas Kebagusan Raya,SJ
Sbr. Gg. Rawa Gurih,EJ
Sbr. Gg. Rezeki Cijantung,EJ
Sbr. Gg. Robaya,SJ
Sbr. Gg. Sabar 2 Lingkar Timur,EJ
Sbr. Gg. Saminten,D
Sbr. Gg. Saorma Kalisari,EJ
Sbr. Gg. Swadaya Pagelarang,EJ
Sbr. Gg. Trijaya IV Timur,SJ
Sbr. Gg. VIII Muara Baru,NJ
Sbr. Gg. Wali Pertama Cijantung,EJ
Sbr. Gg. Warga Lubang Buaya,EJ
Sbr. Gg. Waru,EJ
Sbr. Gg. Yasto Cipete,SJ
Sbr. Goethe Institute,CJ
Sbr. Golden Fatmawati,SJ
Sbr. Graha Delta Tengah,EJ
Sbr. Graha Dirgantara,EJ
Sbr. Green Puri,WJ
Sbr. Grha Intirub,EJ
Sbr. Griya Harapan Permai,B
Sbr. H. Samali,SJ
Sbr. HKBP Petukangan,SJ
Sbr. Hotel Mulia,SJ
Sbr. ITC Fatmawati,SJ
Sbr. Institut Teknologi Budi Utomo,EJ
Sbr. Jakarta Taipei School,NJ
Sbr. Jembatan Item,NJ
Sbr. Jembatan Pintu Satu,EJ
Sbr. Jembatan Sukamulya III,CJ
Sbr. Jl H Emuntipala I,EJ
Sbr. Jln. Al Hidayah Basmol,WJ
Sbr. Jln. Albarkah I Cilandak,SJ
Sbr. Jln. Ancol III,NJ
Sbr. Jln. Ancol Selatan,NJ
Sbr. Jln. Anggrek Raya,EJ
Sbr. Jln. Angkasa 1,EJ
Sbr. Jln. Angsana Kemanggisan,WJ
Sbr. Jln. B,NJ
Sbr. Jln. B Basmol Raya,WJ
Sbr. Jln. Bak Air 1,NJ
Sbr. Jln. Barito II,SJ
Sbr. Jln. Bendungan Hilir Gg. IV,CJ
Sbr. Jln. Beo,SJ
Sbr. Jln. Bhakti VII Palmerah,WJ
Sbr. Jln. Buaran I,EJ
Sbr. Jln. Bumi Pratama III,EJ
Sbr. Jln. Bumi Sutera Cibubur,EJ
Sbr. Jln. Bungur IV Rambutan,EJ
Sbr. Jln. Bungur VIII Rambutan,EJ
Sbr. Jln. Busika Raya Ciracas,EJ
Sbr. Jln. Cakrawala,EJ
Sbr. Jln. Cambela Permai,WJ
Sbr. Jln. Cikoko Timur I,SJ
Sbr. Jln. Cilincing Bakti,NJ
Sbr. Jln. Cipinang Jaya,EJ
Sbr. Jln. Damai,EJ
Sbr. Jln. Damai Kalisari,EJ
Sbr. Jln. Delima Raya 2,EJ
Sbr. Jln. Depsos Raya,SJ
Sbr. Jln. Elang Laut Kamal,NJ
Sbr. Jln. Flamboyan Srengseng,WJ
Sbr. Jln. Gading Griya Lestari,NJ
Sbr. Jln. Gading Raya II,EJ
Sbr. Jln. Gorda,EJ
Sbr. Jln. H. Hanafi Cipinang,EJ
Sbr. Jln. H. Jian 2B Cipete,SJ
Sbr. Jln. H. Jusin Susukan,EJ
Sbr. Jln. H. Kasam,WJ
Sbr. Jln. H. Khayar,SJ
Sbr. Jln. H. Kincan Rawa Buaya,WJ
Sbr. Jln. H. Matasan,SJ
Sbr. Jln. H. Mawar Sunter,NJ
Sbr. Jln. H. Minan Kamal,WJ
Sbr. Jln. H. Oyar,NJ
Sbr. Jln. H. Sanusi Taming,WJ
Sbr. Jln. H. Sidan,EJ
Sbr. Jln. H. Tamin S,NJ
Sbr. Jln. H. Ung,CJ
Sbr. Jln. Jaya Wijaya,NJ
Sbr. Jln. Jomas,WJ
Sbr. Jln. KH Syahdan,WJ
Sbr. Jln. Kamboja Halim,EJ
Sbr. Jln. Kampung Bali XXXIII,CJ
Sbr. Jln. Kampung Baru,WJ
Sbr. Jln. Kampung Baru V,SJ
Sbr. Jln. Kapuk II,EJ
Sbr. Jln. Kapuk III,EJ
Sbr. Jln. Kebagusan III,SJ
Sbr. Jln. Kelinci,SJ
Sbr. Jln. Kemang Selatan VIII,SJ
Sbr. Jln. Kemang Timur XI,SJ
Sbr. Jln. Kemang Timur XVII,SJ
Sbr. Jln. Komplek Yuka,NJ
Sbr. Jln. Kopi Selatan II,EJ
Sbr. Jln. Kramat Cipedak,SJ
Sbr. Jln. Kramat Jaya Baru I,CJ
Sbr. Jln. Lagoa Kanal,NJ
Sbr. Jln. Madrasah Sukabumi Utara,WJ
Sbr. Jln. Malaka HB,NJ
Sbr. Jln. Man 2,EJ
Sbr. Jln. Mandor Munding,EJ
Sbr. Jln. Mangga Dua Dalam,CJ
Sbr. Jln. Mangga KDW,EJ
Sbr. Jln. Mangga Kalisari,EJ
Sbr. Jln. Manggarai Utara 5,SJ
Sbr. Jln. Mantang,NJ
Sbr. Jln. Manunggal Bakti Kalisari,EJ
Sbr. Jln. Manunggal Meruya Selatan,WJ
Sbr. Jln. Masjid Al Munir,EJ
Sbr. Jln. Melati PKP,EJ
Sbr. Jln. Melur Tugu VI,NJ
Sbr. Jln. Mesjid I Benhil,CJ
Sbr. Jln. Mini II,EJ
Sbr. Jln. Muhidin KDW,EJ
Sbr. Jln. Mundu,EJ
Sbr. Jln. Otista III Komplek III,EJ
Sbr. Jln. Palmerah Utara II,CJ
Sbr. Jln. Pangeran Antasari,SJ
Sbr. Jln. Pendet,NJ
Sbr. Jln. Pinang IIIb,SJ
Sbr. Jln. Pinang IV Pondok Labu,SJ
Sbr. Jln. Pondok Labu 1A,SJ
Sbr. Jln. Primanota,NJ
Sbr. Jln. R. Anggun,WJ
Sbr. Jln. Rasamala Dalam,WJ
Sbr. Jln. Rawa Kepa IX,WJ
Sbr. Jln. Rawabadung,EJ
Sbr. Jln. Rorotan V Gg. 1,NJ
Sbr. Jln. Ruby Kembangan Utara,WJ
Sbr. Jln. SMAN 99,EJ
Sbr. Jln. SMP 175,SJ
Sbr. Jln. SMPN 160,EJ
Sbr. Jln. Sambu Halim,EJ
Sbr. Jln. Samudera 1,NJ
Sbr. Jln. Sawah Mede I,WJ
Sbr. Jln. Semanan II,WJ
Sbr. Jln. Sungai Barito Sembar,NJ
Sbr. Jln. Sungai Musi Sembar,NJ
Sbr. Jln. Sunter Jaya V,NJ
Sbr. Jln. Sunter Jaya VI,NJ
Sbr. Jln. Swadaya II,EJ
Sbr. Jln. Swakarsa III,EJ
Sbr. Jln. Swasembada Barat V,NJ
Sbr. Jln. Taman Enau,EJ
Sbr. Jln. Tari Klasik,NJ
Sbr. Jln. Tebet Barat VI,SJ
Sbr. Jln. Tebet Utara III,SJ
Sbr. Jln. Utama III Cengkareng,WJ
Sbr. Jln. Warakas I Gg. 8,NJ
Sbr. Jln.Tebet Barat Raya,SJ
Sbr. KBN Sukapura,NJ
Sbr. KPAI,CJ
Sbr. KPP Pratama Tanah Abang Satu,CJ
Sbr. Kalibata Square,SJ
Sbr. Kanisius,CJ
Sbr. Kebantenan IX,NJ
Sbr. Kebantenan VIII,NJ
Sbr. Kec. Ciracas,EJ
Sbr. Kec. Jagakarsa,SJ
Sbr. Kec. Makasar,EJ
Sbr. Kec. Palmerah,WJ
Sbr. Kec. Pasar Minggu,SJ
Sbr. Kel. Balekambang,EJ
Sbr. Kel. Ciracas,EJ
Sbr. Kel. Duri Kepa,WJ
Sbr. Kel. Kayu Putih,EJ
Sbr. Kel. Lebak Bulus,SJ
Sbr. Kel. Meruya Selatan,WJ
Sbr. Kel. Pondok Labu,SJ
Sbr. Kel. Ps. Minggu,SJ
Sbr. Kel. Rawa Bunga,EJ
Sbr. Kel. Semper Timur,NJ
Sbr. Kel. Sukapura,NJ
Sbr. Kel. Sumur Batu,CJ
Sbr. Kel. Tambora,WJ
Sbr. Kel. Tanah Tinggi,CJ
Sbr. Kel. Tebet Timur,SJ
Sbr. Kemanggisan Utama I,WJ
Sbr. Kimia Farma Grogol Utara,SJ
Sbr. Klinik Firdausy,SJ
Sbr. Klinik Kasih Medika,EJ
Sbr. Klinik Win Medika,EJ
Sbr. Klinik Yadika Petukangan,SJ
Sbr. Kodam Bintaro,SJ
Sbr. Koko Semesta,NJ
Sbr. Komarudin Timur Lingkar Timur,EJ
Sbr. Komplek DPR III,WJ
Sbr. Komplek Dolog Jaya,EJ
Sbr. Komplek Kemhan Cidodol,SJ
Sbr. Komplek Kijang Kencana,WJ
Sbr. Komplek Kodam Jaya,WJ
Sbr. Komplek Lapan Pekayon,EJ
Sbr. Komplek Pacul Mas,EJ
Sbr. Komplek Pertambangan Kelapa Dua,WJ
Sbr. Komplek Sltp 200,EJ
Sbr. Koramil Pondok Gede,B
Sbr. Kuningan Place,SJ
Sbr. LP Cipinang,EJ
Sbr. Lapangan Blok O Pengadegan,SJ
Sbr. Lapangan Kaprina,EJ
Sbr. MI Attarbiyatuddiniyah,EJ
Sbr. MI Nurul Hakim,SJ
Sbr. MIN 20 Jakarta,NJ
Sbr. MNC Center,CJ
Sbr. MTsN 20 Jakarta,EJ
Sbr. MTsN 25 Jakarta,EJ
Sbr. MTsN 7 Model Jakarta,EJ
Sbr. Madrasah Hasanatuddarain,EJ
Sbr. Makam Pangeran Jayakarta,EJ
Sbr. Malaka 1 Gg. 2 Rorotan,NJ
Sbr. Man 15 Jakarta,EJ
Sbr. Man 18 Jakarta,EJ
Sbr. Manhattan Hotel,SJ
Sbr. Marunda Baru,NJ
Sbr. Masjid Al Bakrie,SJ
Sbr. Masjid Al Falah Pinang,SJ
Sbr. Masjid Al Fida Komodor Halim,EJ
Sbr. Masjid Al Hawi Cililitan,EJ
Sbr. Masjid Al Ichrom,WJ
Sbr. Masjid Al Iman Cipinang,EJ
Sbr. Masjid Al Mukarromah Lagoa,NJ
Sbr. Masjid Al Mumin,NJ
Sbr. Masjid Al Waqof,NJ
Sbr. Masjid Alhikmah Duren Sawit,EJ
Sbr. Masjid Annur Tanah Abang,WJ
Sbr. Masjid Ar Rohmah,NJ
Sbr. Masjid Arrahim Rawa Kompeni,WJ
Sbr. Masjid Assaadah Malaka Jaya,EJ
Sbr. Masjid At Taqwa Karang Tengah,B
Sbr. Masjid At Taqwa Rawa Kuning,EJ
Sbr. Masjid At Tin,EJ
Sbr. Masjid Darussalam Cipedak,SJ
Sbr. Masjid Jami Al Badariah Kemayoran,CJ
Sbr. Masjid Jami Al Hidayah Tomang,WJ
Sbr. Masjid Jami Al Muttaqin Balekambang,EJ
Sbr. Masjid Jami Ar Roghibin,NJ
Sbr. Masjid Jami Asy Syakirin,SJ
Sbr. Masjid Jami Baiturrahman Tomang,WJ
Sbr. Masjid Jami Darussalam Pinang,SJ
Sbr. Masjid Jami Fathur Ghofur,EJ
Sbr. Masjid Nurul Falah Grogol,WJ
Sbr. Masjid Nurul Jannah Marunda,NJ
Sbr. Masjid Pasmar Marunda,NJ
Sbr. Masjid Raya Baitul Muttaqin,EJ
Sbr. Menara Kelapa Gading,NJ
Sbr. Mesindo Tekninesia,NJ
Sbr. Mess Perwira Cendrawasih,EJ
Sbr. Mess Polwan Esthi Bhakti Warapsari,CJ
Sbr. Minimarket Pondok Kelapa,EJ
Sbr. Minimarket Sunter Jaya 2,NJ
Sbr. Multivision Tower,SJ
Sbr. Musala Al Ishlah,NJ
Sbr. Mushola Al Hidayah Bukit Duri,SJ
Sbr. Mushola Al Muhajirin Cibubur,EJ
Sbr. Mutiara Taman Palem 1,WJ
Sbr. Nabawi Islamic Shool,EJ
Sbr. PAUD Bina Keluarga Balita,WJ
Sbr. PAUD Bintang Pondok Bambu,EJ
Sbr. PAUD Tunas Bahari,EJ
Sbr. PGP,EJ
Sbr. PLN Kramat Jati,EJ
Sbr. PPKD Jaktim,EJ
Sbr. PTC Pulo Gadung,NJ
Sbr. Pam Jaya DKI,CJ
Sbr. Panti Asuhan Anak Putra Utama 1,EJ
Sbr. Panti Asuhan Putera Mulia,EJ
Sbr. Persada Purnawira Halim,EJ
Sbr. Perum Mutiara Indah Rorotan,EJ
Sbr. Perum Qoriyah Toyibah,WJ
Sbr. Perum Sunter Hijau,NJ
Sbr. Perum Taman Malaka,EJ
Sbr. Pesona Kalisari,EJ
Sbr. Pesona Square,D
Sbr. Plaza Kemang 88,SJ
Sbr. Polsek Ciracas,EJ
Sbr. Polsek Duren Sawit,EJ
Sbr. Polsek Jagakarsa,SJ
Sbr. Polsek Makasar,EJ
Sbr. Polsek Pulo Gadung,EJ
Sbr. Ponpes Alhikmah Rorotan,NJ
Sbr. Popki Cibubur,EJ
Sbr. Port Medical Center,NJ
Sbr. Pos Ayam,NJ
Sbr. Prapanca Apartment,SJ
Sbr. Premier Terrace,EJ
Sbr. Ps. Bambu Kuning,NJ
Sbr. Ps. Bukit Duri,SJ
Sbr. Ps. Bulak,EJ
Sbr. Ps. Cengkareng,WJ
Sbr. Ps. Cibubur,EJ
Sbr. Ps. Deprok,EJ
Sbr. Ps. Deprok 1,EJ
Sbr. Ps. Gardu,EJ
Sbr. Ps. Gembrong Baru,CJ
Sbr. Ps. Hipli Semanan,WJ
Sbr. Ps. Jelambar Polri,WJ
Sbr. Ps. Jongkok,NJ
Sbr. Ps. Kaget Pengadegan,SJ
Sbr. Ps. Kb. Pisang,WJ
Sbr. Ps. Klender,EJ
Sbr. Ps. Lokbin Muria,SJ
Sbr. Ps. Malaka Rorotan,NJ
Sbr. Ps. Mandiri Kelapa Gading,NJ
Sbr. Ps. Pagi Raya Cilincing,NJ
Sbr. Ps. Palmerah,WJ
Sbr. Ps. Pengampuan,WJ
Sbr. Ps. Pisang,WJ
Sbr. Ps. Rawa Bening,EJ
Sbr. Ps. Timbul,WJ
Sbr. Ps. Ujung Menteng,EJ
Sbr. Puri Ardhya Garini,EJ
Sbr. Puri Margasatwa,SJ
Sbr. Puskesmas Kel. Dukuh,EJ
Sbr. Puskesmas Kel. Semper Barat II,NJ
Sbr. Puskesmas Malaka Sari,EJ
Sbr. Puskesmas Meruya Utara,WJ
Sbr. Puskesmas Pasar Minggu,SJ
Sbr. Puskesmas Pegangsaan Dua,NJ
Sbr. Puskesmas Setiabudi,SJ
Sbr. RPTRA Menara,WJ
Sbr. RPTRA Pesona Manggarai,SJ
Sbr. RPTRA Udara Segar 126,EJ
Sbr. RS Aulia,SJ
Sbr. RS Bhakti Mulia,CJ
Sbr. RS Dr Mintohardjo,CJ
Sbr. RS Dr Suyoto,SJ
Sbr. RS Dr. Sulianti Saroso,NJ
Sbr. RS Gading Pluit,NJ
Sbr. RS Harapan Bunda,EJ
Sbr. RS Hermina Podomoro,NJ
Sbr. RS Islam Pondok Kopi,EJ
Sbr. RS Mediros,NJ
Sbr. RS Moh Ridwan Meuraksa,EJ
Sbr. RS Pelabuhan Jakarta,NJ
Sbr. RS Pelni Petamburan,CJ
Sbr. RS Siloam Kb. Jeruk,WJ
Sbr. RS Zahirah,SJ
Sbr. RSIA Asta Nugraha,EJ
Sbr. RSIA Tambak,CJ
Sbr. RSUD Jagakarsa,SJ
Sbr. RSUD Tanah Abang,CJ
Sbr. Raffles Christian School,SJ
Sbr. Ramayana Semper,NJ
Sbr. Rukan Balai Pustaka,EJ
Sbr. Rukan Radin Inten II,EJ
Sbr. Ruko Cempaka Mas,NJ
Sbr. Ruko Green Lake,WJ
Sbr. Ruko Taman Cemara,B
Sbr. Rumkitban Bintaro,SJ
Sbr. Rusun Harum Tebet,SJ
Sbr. Rusun Rorotan,NJ
Sbr. SD Angkasa 1,EJ
Sbr. SD Kartika X-2,SJ
Sbr. SD Kartika X-4,SJ
Sbr. SDIT At Tahiriyah,EJ
Sbr. SDN Bendungan Hilir 01,CJ
Sbr. SDN Cipedak 03,SJ
Sbr. SDN Cipedak 05,SJ
Sbr. SDN Dukuh 01,EJ
Sbr. SDN Dukuh 05,EJ
Sbr. SDN Grogol Selatan 01,SJ
Sbr. SDN Jagakarsa 01,SJ
Sbr. SDN Jagakarsa 05,SJ
Sbr. SDN Johar Baru 10,CJ
Sbr. SDN Kebagusan 01,SJ
Sbr. SDN Pademangan 03,NJ
Sbr. SDN Pademangan Timur 05 07,NJ
Sbr. SDN Palmerah 07,CJ
Sbr. SDN Palmerah 09,SJ
Sbr. SDN Pegangsaan Dua 07,NJ
Sbr. SDN Pondok Kelapa 05,EJ
Sbr. SDN Pulo Gebang 13,EJ
Sbr. SDN Pulo Gebang 20,EJ
Sbr. SDN Rorotan 03,NJ
Sbr. SDN Semanan 01,WJ
Sbr. SDN Sunter Agung 09,NJ
Sbr. SDN Tengah 06,EJ
Sbr. SKKT Pondok Bambu,EJ
Sbr. SMA Angkasa 1,EJ
Sbr. SMA Islam As Syafiiyah 01,SJ
Sbr. SMAN 10,CJ
Sbr. SMAN 115,NJ
Sbr. SMAN 19,WJ
Sbr. SMAN 21,EJ
Sbr. SMAN 38,SJ
Sbr. SMAN 41,NJ
Sbr. SMAN 5,CJ
Sbr. SMAN 50,EJ
Sbr. SMAN 66,SJ
Sbr. SMAN 75,NJ
Sbr. SMAN 8,SJ
Sbr. SMAN 85,WJ
Sbr. SMAN 95,WJ
Sbr. SMK 57,SJ
Sbr. SMK Al Hidayah 1,SJ
Sbr. SMK Angkasa 2,EJ
Sbr. SMK Kartika X-2,SJ
Sbr. SMK Malahayati Marunda,NJ
Sbr. SMK Nurul Huda,EJ
Sbr. SMKN 12,NJ
Sbr. SMKN 23,NJ
Sbr. SMKN 49,NJ
Sbr. SMKN 52,EJ
Sbr. SMKN 63,SJ
Sbr. SMKN Jasalena Marunda,NJ
Sbr. SMP Dan SMK Bakti 17,SJ
Sbr. SMP Nurul Falah,NJ
Sbr. SMPN 10,CJ
Sbr. SMPN 128,EJ
Sbr. SMPN 131,SJ
Sbr. SMPN 148,EJ
Sbr. SMPN 165,EJ
Sbr. SMPN 190,WJ
Sbr. SMPN 195,EJ
Sbr. SMPN 205,WJ
Sbr. SMPN 209,EJ
Sbr. SMPN 229,WJ
Sbr. SMPN 232,EJ
Sbr. SMPN 235,SJ
Sbr. SMPN 252,EJ
Sbr. SMPN 263,EJ
Sbr. SMPN 27,EJ
Sbr. SMPN 286,WJ
Sbr. SMPN 44,EJ
Sbr. SMPN 48,SJ
Sbr. SMPN 84,NJ
Sbr. SPBU Tugu Selatan,NJ
Sbr. SPBU Warung Jati,SJ
Sbr. STIE Rawamangun,EJ
Sbr. STIKES Bhakti Pertiwi Jagakarsa,SJ
Sbr. Sangrila Indah,SJ
Sbr. Sekolah At Taqwa Karang Tengah,B
Sbr. Sekolah Avicenna Jagakarsa,SJ
Sbr. Sekolah Bethel,WJ
Sbr. Sekolah Bhineka Tunggal Ika,WJ
Sbr. Sekolah Charitas Pondok Labu,SJ
Sbr. Sekolah Daarun Naiim,WJ
Sbr. Sekolah Fajar Sion,WJ
Sbr. Sekolah Islam Al Azhar Jagakarsa,SJ
Sbr. Sekolah Islam PB Soedirman,EJ
Sbr. Sekolah Keperawatan YPDR,SJ
Sbr. Sekolah Lamuel,CJ
Sbr. Sekolah Pelita II Kb. Jeruk,WJ
Sbr. Sekolah Saint Caroline,NJ
Sbr. Sekolah Yanindo Jakarta,NJ
Sbr. Seksi Dinas Pendidikan Makasar,EJ
Sbr. Semar,SJ
Sbr. Sentral Bisnis Harapan Indah,B
Sbr. Slb Angkasa,EJ
Sbr. St. Manggarai,SJ
Sbr. St. Taman Kota,WJ
Sbr. Standard Chartered,SJ
Sbr. Sunter Agung,NJ
Sbr. Sunter Icon,NJ
Sbr. Swadaya Raya,EJ
Sbr. TDP,EJ
Sbr. TK Aisyiyah 4 Tebet Timur,SJ
Sbr. TK Al Husna Petukangan Utara,SJ
Sbr. TK Dinamika,EJ
Sbr. TK Kartika VIII -13,SJ
Sbr. TK Kreatif Komimo,NJ
Sbr. TK Rahmania Ragunan,SJ
Sbr. TK Tarakanita 5,EJ
Sbr. TK Tunas Harapan,SJ
Sbr. TPA As Sholihin,NJ
Sbr. TPU Budi Darma,NJ
Sbr. TPU Grogol Selatan,SJ
Sbr. TPU Karet Bivak,CJ
Sbr. TPU Pondok Kelapa,EJ
Sbr. TPU Rawabunga,EJ
Sbr. TPU Tegal Alur,WJ
Sbr. Taman Asem PPSU,NJ
Sbr. Taman BMW,NJ
Sbr. Taman Buni,SJ
Sbr. Taman Enim,NJ
Sbr. Taman Gg. Kelor,EJ
Sbr. Taman Mahoni,EJ
Sbr. Taman Mandiri Kelapa Gading,NJ
Sbr. Taman Permata Indah 1,WJ
Sbr. Taman Tulang Bawang,CJ
Sbr. Taman Wiladatika,EJ
Sbr. Tambun Utara,EJ
Sbr. Tebet Barat Dalam VIII,SJ
Sbr. Term. Kampung Rambutan,EJ
Sbr. The Jakarta Post,CJ
Sbr. The Pakubuwono Menteng,CJ
Sbr. Tip Top Rawamangun,EJ
Sbr. Transvision Tebet,SJ
Sbr. Univ. Mercu Buana,WJ
Sbr. Versailles,ST
Sbr. Villa Ampera,SJ
Sbr. Villa Cibubur Indah,EJ
Sbr. Waduk Pluit,NJ
Sbr. YPI Asyaadah,EJ
Sbr. Yayasan Adi Luhur Gedong,EJ
Sbr. Yayasan Al Azhar Syuhada,SJ
Sbr. Yayasan Alfitriyah Marunda,NJ
Sbr. Yayasan Islam Suci Susukan,EJ
Seberang Food Street,NJ
Sekolah Al Huda 1,WJ
Sekolah Al Wahyu Cibubur,EJ
Sekolah Anglo Rawasari,CJ
Sekolah Arraudhah,NJ
Sekolah Bahasa Polri,EJ
Sekolah Bhineka Tunggal Ika,WJ
Sekolah Bumi Husada Ciracas,EJ
Sekolah Cahaya Sakti Otista I,EJ
Sekolah Charitas Pondok Labu,SJ
Sekolah Cita Buana,SJ
Sekolah Daarun Naiim,WJ
Sekolah Darussalam H. Ipin,SJ
Sekolah Fatimiyah Perdana Kusuma,EJ
Sekolah Islam PB Soedirman,EJ
Sekolah Lemuel,WJ
Sekolah Malahayati,EJ
Sekolah Muhammadiyah Gelong Baru 1,WJ
Sekolah Muhammadiyah Grogol,WJ
Sekolah PGRI Penggilingan,EJ
Sekolah Pah Tsung,WJ
Sekolah Pelita II Kb. Jeruk,WJ
Sekolah Penabur Gunung Sahari,CJ
Sekolah Pinangsia,WJ
Sekolah Purba Adhika 1,SJ
Sekolah Remaja Sungai Bambu,NJ
Sekolah Sumbangsih,SJ
Sekolah Tarsisius 2,WJ
Sekolah Tunas Cemerlang,EJ
Sekolah Yanindo Jakarta,NJ
Sekolah Yapenda,NJ
Sekretariat 06 Wijaya Kusuma,WJ
Selapa Polri,SJ
Selatan St. Gondangdia,CJ
Semanggi,SJ
Semar,SJ
Senayan,SJ
Senayan City,CJ
Senayan JCC 3,CJ
Senayan JCC Arah Barat,CJ
Senayan JCC Arah Timur,CJ
Senen,CJ
Senen Sentral,CJ
Senopati,SJ
Sentra Timur,EJ
Sentraland Cengkareng,WJ
Seskoal,SJ
Seskoal 1,SJ
Seskoal 2,SJ
Setiabudi Utara,SJ
Setiabudi Utara 2,SJ
Setu 2,EJ
Sherwood,NJ
Simpang Adiaksa,SJ
Simpang Akses Pitungan,NJ
Simpang Al Barkah Dr Saharjo,SJ
Simpang Anggrek Garuda Rosaliana,WJ
Simpang Anyelir,EJ
Simpang Arion,EJ
Simpang Arion 2,EJ
Simpang Arteri Kebayoran Lama,SJ
Simpang BKT,EJ
Simpang Balai Pustaka Timur Waru,EJ
Simpang Bango Tridharma Raya,SJ
Simpang Bantar Jati Hwarang,EJ
Simpang Batu Ampar Condet Raya,EJ
Simpang Batu Ampar IV Inerbang,EJ
Simpang Belly 1,EJ
Simpang Belly 2,EJ
Simpang Benda Raya Prepedan,WJ
Simpang Blok A,CJ
Simpang Blok E,CJ
Simpang Bren Howitzer Raya,CJ
Simpang Budaya Batu Ampar 1,EJ
Simpang Budaya Batu Ampar 2,EJ
Simpang Budi Sakti Raya,WJ
Simpang Bukit Duri Selatan 1,SJ
Simpang Bundaran Ikan Harapan Indah Raya 1,B
Simpang Bunga Melati Flamboyan,SJ
Simpang Bungur Mahakam,EJ
Simpang Camar 2,NJ
Simpang Cendrawasih Hybrida Terusan,NJ
Simpang Cibubur III/I,EJ
Simpang Cilandak Tengah Raya 1,SJ
Simpang Cilandak Tengah Raya 2,SJ
Simpang Cipinang Indah I,EJ
Simpang Cipinang Kebembem 1,EJ
Simpang Cipinang Nusa Indah,EJ
Simpang DDN Pondok Labu,SJ
Simpang Danau Indah Raya,NJ
Simpang Danau Sunter Barat Utara,NJ
Simpang Danau Sunter Utara Barat,NJ
Simpang Darmawangsa X,SJ
Simpang Darmawangsa XI Prapanca,SJ
Simpang Deplu Veteran Raya,SJ
Simpang Dharmawangsa VIII,SJ
Simpang Dinkes,CJ
Simpang Gading Mas Biru Laut,NJ
Simpang Gading Pori Raya,EJ
Simpang Gading Raya,EJ
Simpang Gandaria Kyai Maja,SJ
Simpang Gg. Macan Daan Mogot,WJ
Simpang Gunung Balong Karang Tengah,SJ
Simpang Gunung Sahari III,CJ
Simpang H. Ali Kramat Barat,EJ
Simpang H. Ali Raya Tengah,EJ
Simpang H. Jumat Kalisari,EJ
Simpang Hadiah 2,WJ
Simpang Herman Susilo 1,SJ
Simpang Indraloka 1,WJ
Simpang Indraloka 2,WJ
Simpang JORR,EJ
Simpang Jatinegara Timur IV,EJ
Simpang Jembatan Lima,WJ
Simpang Jln. 26 Utara,EJ
Simpang Jln. Agung Permai 1,NJ
Simpang Jln. Bongo Raya,NJ
Simpang Jln. Cemara,NJ
Simpang Jln. H. Baserin 1,SJ
Simpang Jln. H. Baserin 2,SJ
Simpang Jln. Kalibaru Timur VI,CJ
Simpang Jln. Kramat Jaya 1,NJ
Simpang Jln. Kramat Jaya 2,NJ
Simpang Jln. Pegangsaan Dua,NJ
Simpang Jln. Pisangan Lama,EJ
Simpang Jln. Sunter Karya,NJ
Simpang Jln. Tarian Raya Barat,NJ
Simpang KH Abdulloh Karang Tengah 1,B
Simpang KH Hasyim Cideng Barat,CJ
Simpang Kali Besar Barat,WJ
Simpang Kaliabang Rorotan 1,NJ
Simpang Kalimalang,EJ
Simpang Kalimalang Pahlawan Revolusi,EJ
Simpang Kalisari Raya Lapan,EJ
Simpang Kampung Jembatan 1,EJ
Simpang Kampung Jembatan 2,EJ
Simpang Kampung Kandang 2,SJ
Simpang Kapuk Cengkareng,WJ
Simpang Karang Tengah,SJ
Simpang Kawi Raya,SJ
Simpang Kawi Raya 2,SJ
Simpang Kb. Baru 2,NJ
Simpang Kebantenan VIII,NJ
Simpang Kejaksaan H. Muchtar Raya,T
Simpang Kelapa Cengkir Flamboyan,NJ
Simpang Kelapa Cengkir Raya,NJ
Simpang Kelapa Dua H. Kelik,WJ
Simpang Kelapa Nias Pegangsaan,NJ
Simpang Kemang 1,SJ
Simpang Kemang Selatan 1,SJ
Simpang Kemang Selatan 2,SJ
Simpang Kemang Utara Timur,SJ
Simpang Kemanggisan Ilir III,WJ
Simpang Kemanggisan Ilir Raya,WJ
Simpang Kembangan Raya 2,WJ
Simpang Kembangan Selatan,WJ
Simpang Kembangan Utara Bojong Raya,WJ
Simpang Kepu Arteri Kelapa Gading,NJ
Simpang Kepu Kesadaran,NJ
Simpang Kesemek 2,NJ
Simpang Kodam Bintaro Permai,SJ
Simpang Kopi Bandengan Selatan,WJ
Simpang Kopi Kali Besar Barat,WJ
Simpang Kopi Roa Malaka,WJ
Simpang Kota Bambu Utara I,WJ
Simpang Kramat II,SJ
Simpang Kramat Jaya Baru,CJ
Simpang Kramat Jaya Baru 2,CJ
Simpang Kramat Jaya Baru 4,CJ
Simpang Kunir Kemukus,WJ
Simpang Labu Cemara,NJ
Simpang Lagoa Ciampea,NJ
Simpang Lapangan Tembak Raya Bogor,EJ
Simpang Lingkar Duren Sawit,EJ
Simpang Mabes Hankam Raya Ceger,EJ
Simpang Mahoni Cempaka,NJ
Simpang Mandala Maphalindo,EJ
Simpang Mandala Raya Selatan,WJ
Simpang Mandala Selatan Raya,WJ
Simpang Mandala Selatan Timur,WJ
Simpang Mandara Permai 2,NJ
Simpang Mangga Besar XI,WJ
Simpang Manggarai Utara,SJ
Simpang Manunggal Pintu 2,EJ
Simpang Matraman 2,EJ
Simpang Media Massa,EJ
Simpang Melur Tugu,NJ
Simpang Merak Cipinang Indah,EJ
Simpang Meruya Ilir 1,WJ
Simpang Meruya Ilir Srengseng,WJ
Simpang Meruya Selatan Saaba,WJ
Simpang Mulya Jaya Cipinang Lontar,EJ
Simpang Nusa Indah VI,EJ
Simpang Otista III Selatan,EJ
Simpang Otista III Utara,EJ
Simpang Pahlawan Revolusi 1,EJ
Simpang Pahlawan Revolusi Kalimalang,EJ
Simpang Pakin 2,NJ
Simpang Pakin 3,NJ
Simpang Palmerah Barat Rawa Belong,SJ
Simpang Pangeran Komarudin 1,EJ
Simpang Panjang Duri Kepa,WJ
Simpang Panjang Kb. Jeruk 1,WJ
Simpang Panjang Kb. Jeruk 2,WJ
Simpang Patra Lontar Raya,WJ
Simpang Pegangsaan Dua Hybrida,NJ
Simpang Perintis 2,EJ
Simpang Permata Meruya 1,WJ
Simpang Permata Meruya 2,WJ
Simpang Perniagaan Tambora,WJ
Simpang Persahabatan Raya,EJ
Simpang Pertengahan Cijantung,EJ
Simpang Pinang I Pondok Labu,SJ
Simpang Pisangan Lama III Selatan,EJ
Simpang Pisangan Lama Selatan III,EJ
Simpang Pitungan,NJ
Simpang Pluit Raya,NJ
Simpang Pondok Bambu Batas 1,EJ
Simpang Pondok Bambu Batas 2,EJ
Simpang Pondok Baru Gongseng Raya,EJ
Simpang Pori Gading Raya,EJ
Simpang Pori Pisangan Lama III,EJ
Simpang Prepedan Benda Raya,WJ
Simpang Ps. Kb. Pisang,WJ
Simpang Ps. Pagi,WJ
Simpang Ps. Patra 1,WJ
Simpang Ps. Patra 2,WJ
Simpang Ps. Rawamangun,EJ
Simpang Ps. Warakas 3,NJ
Simpang Radin Inten II Kalimalang,EJ
Simpang Rajawali Cipinang Indah,EJ
Simpang Rawa Barat,SJ
Simpang Rawa Belong Palmerah Barat,WJ
Simpang Rawa Belong Sulaiman,WJ
Simpang Rawa Kepa Utama,WJ
Simpang Rawasari Ahmad Yani,CJ
Simpang Raya Bekasi Rawa Kuning,EJ
Simpang Raya Bogor Cililitan,EJ
Simpang Raya Bogor Suci,EJ
Simpang Raya Ceger Mabes Hankam,EJ
Simpang Raya Cilincing Sungai Landak,NJ
Simpang Raya Condet Batu Ampar,EJ
Simpang Raya PKP Cibubur I,EJ
Simpang Roa Malaka Selatan,WJ
Simpang Rukun 1,EJ
Simpang Rukun 2,EJ
Simpang STIP,NJ
Simpang Sabar Raya 1,SJ
Simpang Sabar Raya Petukangan 1,SJ
Simpang Sabar Raya Petukangan 2,SJ
Simpang Semangka I,WJ
Simpang Semangka II,WJ
Simpang Serdang Swadaya Raya 1,EJ
Simpang Serdang Swadaya Raya 2,EJ
Simpang Seroja Cempaka,WJ
Simpang Seruling Musik Raya,NJ
Simpang Squadron,EJ
Simpang Sungai Landak Raya Cilincing,NJ
Simpang Taman Malaka Utara Barat,EJ
Simpang Tanah Abang II Cideng,CJ
Simpang Tanah Tinggi Timur,CJ
Simpang Tawakal Kyai Tapa,WJ
Simpang Tb Simatupang Tunda Bara,SJ
Simpang Tebet Barat Raya,SJ
Simpang Tiga 1,EJ
Simpang Tiga 2,EJ
Simpang Tiga Pulo Gebang Raya,EJ
Simpang Tj. Duren Barat 1,WJ
Simpang Tj. Duren Barat 2,WJ
Simpang Tj. Duren Raya,WJ
Simpang Tj. Duren Timur 5,WJ
Simpang Tj. Duren Timur 6,WJ
Simpang Tomang Asli Buni,WJ
Simpang Tomang Asli Kamboja,WJ
Simpang Tridharma Bango Raya,SJ
Simpang Tunda Bara TB Simatupang,SJ
Simpang Waru Cemara,NJ
Simpang Waru Gedong,EJ
Simpang Waru Kramat Jaya,NJ
Simpang Warung Sila Rindang,SJ
Simprug 1,SJ
Simprug 2,SJ
Singapore International School,NJ
Sisma Medikal,NJ
Situ Gintung 1,ST
Situ Gintung 2,ST
Slamet Riyadi,EJ
Slamet Riyadi 1,EJ
Slamet Riyadi 2,EJ
Slipi Kemanggisan Arah Selatan,WJ
Slipi Kemanggisan Arah Utara,WJ
Slipi Petamburan 1,CJ
Slipi Petamburan 3,WJ
Slipi Petamburan Arah Selatan,CJ
Slipi Petamburan Arah Utara,CJ
Soepomo,SJ
South City Cinere,ST
St. Ancol,NJ
St. Ancol Pintu 3,NJ
St. Blok A Dharmawangsa,SJ
St. Cikini Barat,CJ
St. Cikini Selatan,CJ
St. Cipete Raya 2,SJ
St. Duren Kalibata,SJ
St. Duren Kalibata 1,SJ
St. Duren Kalibata 2,SJ
St. Duren Kalibata 4,SJ
St. Gambir 1,CJ
St. Gambir 2,CJ
St. Gg. Sentiong,CJ
St. Gondangdia 2,CJ
St. Grogol,WJ
St. Jakarta Kota Baru,WJ
St. Jatinegara 2,EJ
St. Jayakarta 1,CJ
St. Jayakarta 2,CJ
St. Kalideres,WJ
St. Karet,CJ
St. Kebayoran 2,SJ
St. Klender 1,EJ
St. Klender 2,EJ
St. Klender Muka,EJ
St. LRT Boulevard Utara 1,NJ
St. LRT Boulevard Utara 2,NJ
St. LRT Pulo Mas 3,EJ
St. LRT Velodrome 1,EJ
St. LRT Velodrome 2,EJ
St. LRT Velodrome 3,EJ
St. Lenteng Agung 1,SJ
St. Lenteng Agung 2,SJ
St. MRT Asean 1,SJ
St. MRT Blok A,SJ
St. MRT Blok M 1,SJ
St. MRT Fatmawati,SJ
St. MRT Lebak Bulus,SJ
St. Manggarai,SJ
St. Palmerah,CJ
St. Pasar Minggu 1,SJ
St. Pesing,WJ
St. Rawa Buaya,WJ
St. Sudirman 2,CJ
St. Taman Kota,WJ
St. Tanah Abang 3,CJ
St. Tebet 1,SJ
St. Tebet 2,SJ
St. Tebet 3,SJ
St. Tebet Pintu Barat,SJ
St. Tj. Barat 1,SJ
St. Tj. Barat 2,SJ
St. Univ. Pancasila Jak Lingko,SJ
St. Universitas Pancasila,SJ
Stasiun Jatinegara Arah Selatan,EJ
Stasiun Jatinegara Arah Utara,EJ
Stasiun Klender,EJ
Stasiun Tebet,SJ
Stella Maris 1,NJ
Stella Maris 2,NJ
Sudin Kebersihan Senen,CJ
Sudin Pencatatan Sipil 1,EJ
Sulaiman,SJ
Summarecon Bekasi,B
Summitmas,SJ
Sumur Bor,WJ
Sumur Bor 3,WJ
Sunan Giri,EJ
Sunter Boulevard Barat,NJ
Sunter Boulevard Barat 1,NJ
Sunter Icon,NJ
Sunter Karya,NJ
Sunter Kelapa Gading 1,NJ
Sunter Kelapa Gading 2,NJ
Sunter Kelapa Gading Arah Selatan,NJ
Sunter Kelapa Gading Arah Utara,NJ
Sunter Muara,NJ
Sunter Muara 1,NJ
Sunter Permai Indah 2,NJ
Superindo Bulak Kapal 1,B
Superindo Bulak Kapal 2,B
Supriyadi,EJ
Suzuki Panjang Arteri,WJ
Swadarma,SJ
Syibi,SJ
THB Cluster Nirwana,B
TIS Square,SJ
TK Angkasa 5,EJ
TK Angkasa 8,EJ
TK Dinamika,EJ
TK Tarakanita 5,EJ
TK Tunas Harapan,SJ
TMP Kalibata,SJ
TPA As Sholihin,NJ
TPU Basmol,WJ
TPU Bungur,SJ
TPU Karet Bivak,CJ
TPU Kb. Nanas 1,EJ
TPU Kb. Nanas 2,EJ
TPU Kb. Pala 2,EJ
TPU Koba,SJ
TPU Pondok Kelapa,EJ
TPU Rawa Kuning,EJ
TTI Center,SJ
TU Gas,EJ
TVRI,CJ
Taman Anggrek,WJ
Taman Asem PPSU Tj. Priok,NJ
Taman Ayodya,SJ
Taman BMW,NJ
Taman Bambu 1,EJ
Taman Bambu 2,EJ
Taman Barito Sembar,NJ
Taman Buaran Indah,EJ
Taman Buni,SJ
Taman DDN,SJ
Taman Elok 1,EJ
Taman Elok 2,EJ
Taman Gg. Kelor,EJ
Taman Hutan Tebet,SJ
Taman Intirub 1,EJ
Taman Intirub 2,EJ
Taman Ismail Marzuki,CJ
Taman Jln. Bhakti 1,NJ
Taman Jln. Bhakti 2,NJ
Taman Jogging Kelapa Gading 1,NJ
Taman Juang 2,WJ
Taman Kota,WJ
Taman Lenteng Agung,SJ
Taman Mahoni,EJ
Taman Malaka Barat 1D,EJ
Taman Malaka Selatan 2,EJ
Taman Maramba,NJ
Taman Margahayu 1,B
Taman Margahayu 2,B
Taman Mataram,SJ
Taman Menteng 1,CJ
Taman Modern 1,EJ
Taman PIK Penggilingan,EJ
Taman Palem Lestari,WJ
Taman Pangkalan Jati Kalimalang,EJ
Taman Panglima Polim,SJ
Taman Patimura,SJ
Taman Puring,SJ
Taman Puring 2,SJ
Taman Rasuna Tower 10,SJ
Taman Rasuna Tower 17,SJ
Taman Rawasari,CJ
Taman Rekreasi Wiladatika,D
Taman Resort Mediterania,NJ
Taman Ria,CJ
Taman Segitiga Cibubur,D
Taman Semanan Indah,WJ
Taman Simpang Jatinegara,EJ
Taman Spatodhea,SJ
Taman Sunter,NJ
Taman Ut Aheme,EJ
Taman Wahidin,CJ
Tamini Square 2,EJ
Tanah Abang 2,CJ
Tanah Abang AURI,CJ
Tanah Abang Blok B,CJ
Tanah Abang Blok G,CJ
Tanah Apit,B
Tanah Baru Cipedak,SJ
Tanah Koja,EJ
Tanah Kusir Kodim,SJ
Tanah Merah,NJ
Tanah Merdeka 1,EJ
Tanah Merdeka 2,NJ
Tanah Merdeka Arah Barat,EJ
Tanah Merdeka Arah Timur,EJ
Tanah Pasir Gedong Panjang,NJ
Tangerang City 2,T
Tanjung Priok,NJ
Tebet Barat Dalam,SJ
Tebet Eco Park II Arah Barat,SJ
Tebet Eco Park II Arah Timur,SJ
Tebet Eco Park Selatan,SJ
Tebet Eco Park Selatan 2,SJ
Tebet Eco Park Selatan 3,SJ
Tebet Eco Park Selatan 4,SJ
Tebet Eco Park Selatan 5,SJ
Tebet Eco Park Utara,SJ
Tebet Eco Park Utara 1,SJ
Tegal Parang 1,SJ
Tegal Parang 2,SJ
Tegal Parang Arah Barat,SJ
Tegal Parang Arah Timur,SJ
Tegalan,EJ
Telkom Grapari,CJ
Telkom Tebet,SJ
Telkom Tj. Priok,NJ
Telkomsel Cempaka Putih,CJ
Telkomsel Jln. Nangka,SJ
Tempo Scan,SJ
Tendean,SJ
Tendean 1,SJ
Teraskota,ST
Term. BSD,ST
Term. Bayangan Kota Intan,WJ
Term. Depok Baru,D
Term. Grogol,WJ
Term. Grogol 2,WJ
Term. Kampung Melayu,EJ
Term. Kampung Melayu 2,EJ
Term. Kampung Rambutan,EJ
Term. Klender,EJ
Term. Kota Intan,WJ
Term. Muara Angke 1,NJ
Term. Muara Angke 2,NJ
Term. Pasar Minggu,SJ
Term. Pasar Minggu 2,SJ
Term. Pinang Ranti,EJ
Term. Poris Plawad,T
Term. Ragunan,SJ
Term. Rawamangun,EJ
Term. Rawamangun 1,EJ
Term. Senen,CJ
Term. Shuttle BSD,ST
Term. Tj. Priok 1,NJ
Term. Tj. Priok 2,NJ
Terminal Bekasi,B
Teuku Cik Ditiro,CJ
Teuku Nyak Arief,SJ
The Mansion Bougenvile,NJ
The Piano,NJ
The Wave,SJ
Theresia,CJ
Tip Top Rawamangun,EJ
Tipar Cakung,EJ
Tirta Mas,EJ
Tirtayasa,SJ
Tirtayasa 1,SJ
Titan Center,ST
Tj. Mas Raya,SJ
Tol Bekasi Timur 1,B
Tol Kb. Jeruk 1,WJ
Tol Kb. Jeruk 2,WJ
Tomang Mandala,WJ
Tongtek,SJ
Tosari,CJ
Tosari 1,CJ
Tosari 2,CJ
Tosari 3,CJ
Total Buah Rawamangun,EJ
Transjakarta Pintu 1,EJ
Transjakarta Pool Klender,EJ
Transjakarta Pool Rawa Buaya,WJ
Transvision,SJ
Transvision Jln. Tebet Raya,SJ
Tribuana,EJ
Tugu Proklamasi,CJ
Tugu Tani 1,CJ
Tugu Tani 2,CJ
UKRIDA,WJ
UMJ 1,ST
UMJ 2,ST
UNJ,EJ
UNKRIS,B
UP Angkutan Sekolah,EJ
UPT. LLHD 1,SJ
UPT. LLHD 2,SJ
United Tractors 1,EJ
Univ. Borobudur 1,EJ
Univ. Borobudur 2,EJ
Univ. Borobudur 4,EJ
Univ. Darma Persada 2,EJ
Univ. Indonesia,SJ
Univ. Moestopo Bintaro,SJ
Univ. Sahid 2,SJ
Univ. Satya Negara,SJ
Univ. Satyagama,WJ
Univ. Tarumanegara,WJ
Univ. Tarumanegara 2,WJ
Univ. Tarumanegara Cilandak KKO,SJ
Univ. Trisakti 2,WJ
Universitas Terbuka,EJ
Utan Kayu,EJ
Utan Kayu Rawamangun,EJ
Utan Panjang,CJ
Velbak,SJ
Velodrome,EJ
Velodrome 1,EJ
Velodrome 2,EJ
Versailles,ST
Victoria Park 2,T
Villa Bukit Gading,NJ
Villa Delima,SJ
Viva Futsal,SJ
WTC Mangga Dua,NJ
WTC Matahari 1,ST
WTC Matahari 2,ST
Waduk Papanggo,NJ
Waduk Rawabadak,NJ
Waduk Setiabudi Jln. Gembira,SJ
Wahidin 1,CJ
Walikota Jakarta Timur,EJ
Walikota Jakarta Timur 1,EJ
Walikota Jakarta Timur 2,EJ
Walikota Jakarta Utara Arah Utara,NJ
Warga,SJ
Warung Jati,SJ
Warung Jengkol,NJ
Warung Mangga 1,T
Wijaya Kusuma,SJ
Wira Purusa,EJ
Wisma 77,WJ
Wisma Asia II,WJ
Wisma Atlet Radin Inten,EJ
Wisma Budi,SJ
Wisma Islamic Centre,NJ
Wisma Laena Tebet,SJ
Wisma Mandiri,CJ
Wisma Nusantara,CJ
Wisma SMR,NJ
Wisma Subud,SJ
Wolter Monginsidi,SJ
YBK,SJ
YPI Al Huda Kb. Jeruk,WJ
YPI Asyaadah,EJ
Yado I,SJ
Yado III,SJ
Yaspen Islam Al Mamur Ciganjur,SJ
Yayasan Adi Luhur Gedong,EJ
Yayasan Al Azhar Syuhada,SJ
Yayasan Al Kholidin,SJ
Yayasan Al Muhajirin Pondok Kopi,EJ
Yayasan Alkahfi Jakbar,WJ
Yayasan Asih Budi,EJ
Yayasan At Taufiq Gg. R,NJ
Yayasan Mambaul Ula,EJ
Yayasan Miftahussaadah,WJ
Yayasan Muhammadiyah 1,CJ
Yayasan Muhammadiyah 2,CJ
Yayasan Nurul Ihsan Pulo Gebang,EJ
Yayasan Panti Nugraha,SJ
Yayasan Perguruan Rakyat 2,EJ
Yon Arhanud - 10 Pesanggrahan,SJ
Yos Sudarso Kodamar,NJ
Yos Sudarso Kodamar 1,NJ
Yos Sudarso Kodamar 2,NJ
